Protein IDs	Gene names	Protein names	Number of proteins	Peptides	Razor + unique peptides	Unique peptides	Sequence coverage [%]	Unique + razor sequence coverage [%]	Unique sequence coverage [%]	Mol. weight [kDa]	Sequence length	mean_control_log2_LFQ intensity IgG_ChIP_01	mean_control_log2_LFQ intensity IgG_ChIP_02	mean_control_log2_LFQ intensity IgG_ChIP_03	mean_control_log2_LFQ intensity IgG_ChIP_04	mean_treatment_log2_LFQ intensity TRF2_ChIP_01	mean_treatment_log2_LFQ intensity TRF2_ChIP_02	mean_treatment_log2_LFQ intensity TRF2_ChIP_03	mean_treatment_log2_LFQ intensity TRF2_ChIP_04	mean_log2_fold_change	std_log2_fold_change	mean_-log10_pval	std_-1og10_pval
Q15554;H3BR06;Q15554-4;U3KQ35;J3KSZ6;J3KSJ9;V9GYM1;H3BR37	TERF2	Telomeric repeat-binding factor 2	8	54	54	36	79.7	79.7	58.5	59.593000000000004	542	21.21371179810567	17.344729344914992	21.747008987839308	18.62438852695275	33.361367578491148	32.642547152065063	33.21277416993204	33.339500160498623	13.406587600793539	0.1046246066965127	4.8196653539836456	0.17664475272390731
Q9BSI4;B4DFJ1;H0YLC9;H0YL20;Q9BSI4-3;H0YKA6;H0YMN3;H0YL96	TINF2	TERF1-interacting nuclear factor 2	8	28	28	3	62.3	62.3	6	50.023000000000003	451	19.925775635547851	20.633284491866529	21.640414533300682	20.807666086007391	29.86022017860796	29.196620960515631	29.690108275958679	29.861196852348741	8.9002513801771439	0.59131709488332052	5.7285531067440099	0.31392750213572279
P54274;A0A7I2YQE7;P54274-2;E7EWM7;A0A7I2V5I6;A0A7I2V5T5;A0A7I2V5E0;E5RFJ5;A0A7I2V3N9	TERF1	Telomeric repeat-binding factor 1	9	24	24	24	55.8	55.8	55.8	50.244999999999997	439	19.950887425948871	21.888758156944849	21.367895236318759	21.230392720233549	29.977737641400861	29.374387689549661	30.076354253085508	30.13001361077654	8.7801399138416372	0.29975680117000358	5.4664290922446463	0.40279940843763029
Q9NYB0;A0A590UJT3;H3BMI8	TERF2IP	Telomeric repeat-binding factor 2-interacting protein 1	3	39	39	39	77.2	77.2	77.2	44.258999999999993	399	21.17561840985957	22.50710143497497	22.830608819923679	21.222684760815159	30.627318851433191	30.390795245132679	30.714157328819141	30.796683188776711	8.698235297147086	0.91966933705292808	6.4915162755078351	2.579641407359369
A0A590TQL1;Q96AP0;Q96AP0-2;R4GNJ5;R4GMR6	ACD	Adrenocortical dysplasia protein homolog	5	22	22	22	53.9	53.9	53.9	57.732999999999997	544	22.99760608022801	20.383758403802119	21.14118895909008	22.166167009237341	30.12755586735268	29.561890306378771	30.09936302130269	30.400498019936421	8.3751466906532546	0.23703815539065839	4.6075216091034648	0.71976995570665547
A8MUA9;A8MU27;P55854;P55854-2;Q6EEV6	SUMO3	Small ubiquitin-related modifier 3;Small ubiquitin-related modifier 4	5	2	2	1	15.6	15.6	6.7	15.317	135	21.196302371789201	20.520357266039831	21.24946849308489	21.623982409353271	30.011719878938258	28.892584087551899	29.574125748919791	29.364319238259341	8.313159603350524	0.59030610852825982	6.2581913154551101	0.58639019226993983
Q02790;F5H1U3;H0YFG2;F5H120	FKBP4	Peptidyl-prolyl cis-trans isomerase FKBP4;Peptidyl-prolyl cis-trans isomerase FKBP4, N-terminally processed	4	33	33	33	76.5	76.5	76.5	51.803999999999988	459	20.065263601837248	19.02661529383121	21.230814948469771	21.11847527029412	28.776995893033561	28.579422693265698	28.675864238379209	28.641272762464979	8.3080966181777764	0.23240209204483669	5.1874760123837094	0.38485035745845542
O60341;R4GMQ1;O60341-2;R4GMP9	KDM1A	Lysine-specific histone demethylase 1A	4	40	40	40	71	71	71	92.902000000000001	852	22.45344849187142	19.276533377523471	21.418643249375901	20.692938954926809	29.246468979055699	28.60448886879734	29.007234896016641	29.246854014823839	8.0658706712489803	0	4.6468286549235307	0
Q9NUX5;A0A590UJF2;B7Z7M5;Q9NUX5-2;A0A590UJF7;A0A590UJP0;Q5MJ34;A8MTK3;Q5MJ35;C9JPG9;V9GZ00;A0A590UJM4;Q5MJ33;A0A590UJR1	POT1	Protection of telomeres protein 1	14	26	26	26	59.3	59.3	59.3	71.441000000000003	634	21.160770312780699	20.345854796568482	21.074506415453769	21.835552876956989	29.398236470535121	28.552704682598819	29.168491635929861	29.30456418416658	8.001828142867609	0.43898458446737543	5.2592216550823494	0.92127905732991278
Q32Q12;P22392-2;P22392;J3KPD9;E7ERL0;O60361;E5RHP0;F6XY72;C9K028	NME1	Nucleoside diphosphate kinase;Nucleoside diphosphate kinase B;Putative nucleoside diphosphate kinase	9	13	13	6	65.400000000000006	65.400000000000006	24	32.642000000000003	292	21.073235383937519	23.139149115511131	21.561974040806501	21.597174747366171	29.424262992397921	29.912850423381592	29.260737024838729	29.39298662402576	7.6548259442556699	0.16825706448033961	5.1148964271155331	0.38613669484881769
Q96QC0	PPP1R10	Serine/threonine-protein phosphatase 1 regulatory subunit 10	1	32	32	32	41.9	41.9	41.9	99.057000000000002	940	20.697311758537811	20.732080892693268	21.004930870960809	20.923755224325909	28.352497239129121	27.785002892957699	28.39464330750835	28.485159467652011	7.4148060401823477	0.424403852335551	6.1059222736222756	0.4990997178444741
A0A6I8PIV1;Q9P2J5;A0A6I8PRS0;A0A6I8PL42;B4DER1;A0A6I8PIT3;Q9P2J5-2;A0A6I8PS05;A0A6I8PLB8;A0A6I8PLB3;A0A6I8PIP7;Q9P2J5-3;A0A6I8PTV8;A0A6I8PRU9;A0A6I8PRP1	LARS	Leucine--tRNA ligase, cytoplasmic	15	46	46	46	46.3	46.3	46.3	134.34	1175	22.16404514052266	18.380892226314959	21.3452168059362	22.02627757641099	28.246129156254518	27.530514333045119	27.95099250248667	28.152430535991709	6.9909086946483043	0	3.6245509855635611	0
Q9H816;A0A3B3ITQ0;A0A3B3IT16	DCLRE1B	5 exonuclease Apollo	3	25	25	25	57.3	57.3	57.3	60.000999999999998	532	21.03682448268075	21.715600340441039	21.609907508873722	22.864886697100129	28.779346299828301	28.27092868517235	28.718622234874761	29.029705954648961	6.8928460363571844	0.42805860072688862	4.7720229213016578	7.8218172250630921E-2
P42167;G5E972;P42167-2;P42167-3	TMPO	Lamina-associated polypeptide 2, isoforms beta/gamma;Thymopoietin;Thymopentin	4	15	15	4	46.9	46.9	10.1	50.67	454	18.30456522855679	20.147930304295301	20.312187207501552	19.300616212780088	26.015632834112651	26.3582526511738	26.510643094595618	26.625891629449558	6.8612803140494734	0	5.1378337387377666	0
Q9C0F1;Q9C0F1-2;D6RGX6;D6RC25;D6RBX1	CEP44	Centrosomal protein of 44 kDa	5	15	15	15	50.8	50.8	50.8	44.139000000000003	390	20.792670543693301	21.948182486775991	21.308972576225091	20.819579118193609	27.742397231509599	27.543994793453901	27.93455231132647	27.973884586221281	6.581356049405815	9.9809877288604271E-2	5.2919105251042078	1.153961598432266
Q8IY92;Q8IY92-2	SLX4	Structure-specific endonuclease subunit SLX4	2	43	43	43	33	33	33	200.01	1834	20.16009532268323	19.50627266489629	21.122853593445381	22.60797021934734	27.4361095159808	27.01754551839781	27.399418623270289	27.61666774133078	6.5181373996518639	0.35707997552663501	3.6590181451547572	0.22620139017468199
Q92889;Q92889-2;I3NI48	ERCC4	DNA repair endonuclease XPF	3	30	30	30	38.299999999999997	38.299999999999997	38.299999999999997	104.48	916	20.668054298484719	21.347436644021609	21.657233156121858	20.840277481372649	27.714108187078171	26.82432386617522	27.03149491988021	27.297278601262359	6.0885509985987829	7.3839509822188468E-2	5.1112424118664501	0.97083296553210319
Q9NQS7;Q9NQS7-2;E9PM67	INCENP	Inner centromere protein	3	29	29	29	40.4	40.4	40.4	105.43	918	21.560215155708239	21.61540370773487	21.140035355666559	22.07151586815381	27.631661444083171	27.220388513414662	27.80156331966824	28.079027915401159	6.0863677763259361	0.9431719431415414	4.5768384611539519	0.96509681827730742
A0A7P0T890;Q03001;F6QMI7;E9PHM6;F8W9J4;Q03001-14;Q03001-8;A0A0U1RQJ2;A0A494C1D7;H0YC82;Q03001-10;E7ETB9;A0A494C073;Q5T0V7;Q03001-3;Q03001-9;Q03001-13;Q6P0N6	DST	Dystonin	18	40	40	40	6.5	6.5	6.5	888.37	7818	20.76814966513458	20.822294155960151	20.941874534690569	21.115439809575921	26.817874832776599	26.516365751767019	26.61736858906907	26.898852477159831	5.8006758713528308	0.77349919369556952	5.4532620379581411	1.41232496467496
O60675;O15525;B0QY71;I3L2F8;B0QY70;Q9ULX9-2;Q9ULX9	MAFK	Transcription factor MafK	7	10	10	10	58.3	58.3	58.3	17.523	156	21.863769005845452	19.268832604492601	20.902575705827431	21.230955964056768	26.783192696671069	26.006266660430811	26.526788747251739	26.688591815831629	5.6846766599907506	0.2392631029814152	4.0123797849292853	1.568926410700467
E9PHV5;P28290;P28290-2;P28290-3;E7EUL7;H7BZ26	SSFA2	Sperm-specific antigen 2	6	30	30	30	30	30	30	136.13999999999999	1237	21.95843943404892	19.495624748037141	19.462638062050129	21.451257549572201	26.164958163412471	25.73848546389754	26.450386932148032	26.450371198948751	5.6090604911746054	0.44692921163611798	3.6019189797787479	0.77610241848593786
Q13415	ORC1	Origin recognition complex subunit 1	1	24	24	24	34.4	34.4	34.4	97.34899999999999	861	21.75938276161984	20.104797338159479	21.48832863490551	21.015320547728201	27.09938810488957	25.393653616765722	27.051858294612838	27.235714510527121	5.6031963110955516	0.16787876377254859	3.9632887116848869	0.27139324007310373
P62140;C9JP48;E7ETD8;C9J9S3	PPP1CB	Serine/threonine-protein phosphatase PP1-beta catalytic subunit;Serine/threonine-protein phosphatase	4	14	14	5	52.9	52.9	22	37.186	327	23.111429900367948	23.34908357220926	21.501302682430762	21.529703987945759	27.75716341878756	28.25795311197566	27.87671974010804	27.9313994935921	5.5829289053774112	0.35114512892781902	4.3219738626067992	0.6651552407211434
P49207	RPL34	60S ribosomal protein L34	1	5	5	5	29.1	29.1	29.1	13.292999999999999	117	22.107226821351372	27.958092011843931	21.308374582515519	21.44994158676031	28.591100727515201	29.08321939929759	28.18555783555496	28.707376353283919	5.4359048282951372	0.4440802811640413	1.786392556923577	2.6305981201769909E-2
P49116;H7C3L1;C9JMI6;H7C3R1;C9J2Y1	NR2C2	Nuclear receptor subfamily 2 group C member 2	5	19	19	1	48	48	2	65.414000000000001	596	21.24494142319411	20.406727002829552	21.120674222334131	21.06158710894033	26.481561108972649	25.882340234840189	26.360899983242241	26.585918178347349	5.3691974370260818	0.27029719486770831	4.594734497072098	1.132075804165424
P00390-2;P00390-3;P00390;P00390-5;P00390-4;A0A2R8YF59;H0YC68	GSR	Glutathione reductase, mitochondrial	7	11	11	11	33.200000000000003	33.200000000000003	33.200000000000003	51.7	479	22.24220411538689	19.97385873710099	21.07259610975974	21.30900431721156	26.253009672450759	26.10189426373973	26.684718448121838	26.95593257843835	5.3494729208228726	0.82361111778927942	4.1631880806930441	1.899923459292318
Q9NS87;Q9NS87-2;C9JKA9;Q9NS87-4;D6RCT7;Q9NS87-3;H7C1K7;H7BZT2	KIF15	Kinesin-like protein KIF15;Kinesin-like protein	8	34	34	34	28.5	28.5	28.5	160.16	1388	19.623710056938471	19.767929023133469	21.199478164266239	22.329389736088441	25.785464441609221	26.68338038918629	27.071324544805488	24.66378349033878	5.3208614713782909	0.52738757010864512	3.116319545334874	1.0097331682817501
Q16778;P33778;P23527;P06899;Q8N257;Q6DRA6;Q6DN03	HIST2H2BE	Histone H2B type 2-E;Histone H2B type 1-B;Histone H2B type 1-O;Histone H2B type 1-J;Histone H2B type 3-B	7	8	2	2	50	7.9	7.9	13.92	126	20.639954103779331	20.443717857260982	27.32251134212672	21.078427102099411	28.28475951326207	25.62647661311015	28.26082673910037	28.435553273221789	5.2807514333569827	0.3604700618642766	1.5573650484275949	9.3934403469482231E-3
Q86WR7;D3DRR9;Q86WR7-2;X6RHS9	PROSER2	Proline and serine-rich protein 2	4	19	19	19	50.8	50.8	50.8	45.801000000000002	435	20.653448707653919	22.276743019115969	21.325806343326779	21.631997811790871	26.68899191614598	26.26502808373267	26.986634041889261	27.063425529932971	5.2790209224533333	0.82013870173970305	3.8390340010696899	1.047594017189468
A0A087WSW9;A0A087WSY9;Q16881-4;Q16881-3;Q16881;E2QRB9;E9PIR7;F8W809;A0A182DWI3;Q16881-7;Q16881-5;Q16881-2;Q16881-6;E9PKD3;A0A0B4J225;E9PIZ5	TXNRD1	Thioredoxin reductase 1, cytoplasmic	16	12	12	12	33.200000000000003	33.200000000000003	33.200000000000003	60.078000000000003	548	20.847496863166739	20.66744178625687	21.51194848426158	21.649715566480481	26.377526964450649	25.940691758871811	26.715418061002261	26.545085488761629	5.225529893230175	0.88322651007033204	4.196560265769401	1.344398052556498
E9PIN3;Q9UBU9;B4E227;Q9UBU9-2;E9PLA7	NXF1	Nuclear RNA export factor 1	5	9	9	9	20.399999999999999	20.399999999999999	20.399999999999999	68.106000000000009	603	27.202658035589771	22.231561249262509	21.76159778087704	21.481249354193469	27.751364464504942	28.135210220796889	28.792376216995461	28.72214514212445	5.181007406124734	0.62246395111273944	1.9369321175317511	0.1031266037873768
Q5T7C4;P09429;B2RPK0	HMGB1	High mobility group protein B1;Putative high mobility group protein B1-like 1	3	6	5	4	31	25.9	18.399999999999999	18.311	158	21.898941739018909	21.412544990954999	20.918333718839179	21.429626646924611	26.086913039482031	26.800699688968471	26.234015577919241	26.731173991776839	5.0483388006022203	0.49597827342370682	4.2493257748744533	1.472051736246105
J3QLE5;P14678-2;P63162;P14678;P63162-2;P14678-3;J3KRY3;S4R3P3	SNRPN	Small nuclear ribonucleoprotein-associated proteins B and B;Small nuclear ribonucleoprotein-associated protein N	8	7	7	7	31.4	31.4	31.4	17.545999999999999	169	21.848939371169589	19.87913139497844	27.0604393287893	21.923070157845491	27.888844768789522	27.41956934015824	27.595980297179121	27.842061401612892	5.0087188887392404	0.73931026535775191	1.692197141052473	0.23075903205839629
Q14687-2;Q14687-3;Q14687;H0Y613;H7C3B5;C9JLW9	GSE1	Genetic suppressor element 1	6	22	22	22	30.9	30.9	30.9	125.84	1113	18.870034048842019	21.04721971850212	21.72161754227098	20.55806339344058	25.51571932576034	25.23691899205507	25.630870329236672	25.813208719389511	4.9999456658464716	0.91413671374941297	3.436401601329349	0.72515269088240697
O60502;O60502-4;O60502-2;O60502-3;H7C3X0	MGEA5	Protein O-GlcNAcase	5	28	28	28	39.799999999999997	39.799999999999997	39.799999999999997	102.91	916	20.782033940467961	22.825812375754261	22.099612090530119	22.11993824286364	27.053723580804011	26.600737102144969	26.985005779001451	27.178071667604272	4.9975353699846812	0.28737004891562051	3.66519118404582	0.86828867866769399
A0A087WXN9;Q765P7;Q765P7-2;I3L2G4	MTSS1L	MTSS1-like protein	4	12	12	12	23.7	23.7	23.7	79.796999999999997	746	21.37179943821954	20.083791289371849	21.427465680908949	21.273298464107398	26.15114369819803	25.583165654032751	26.062952268917069	26.166912697496841	4.9519548615092406	0.79545561476617466	4.2936271352097108	1.2387798291677281
H0Y6I0;Q13439-3;Q13439-4;Q13439;Q13439-5;C9JHJ5	GOLGA4	Golgin subfamily A member 4	6	43	43	43	22.4	22.4	22.4	246.6	2099	20.79265051119906	21.884679321765962	20.86363074660991	22.3458976208229	25.46085855634794	26.690058308167838	25.908825592721058	27.175504170891038	4.8370971069325082	0.36479164839156047	3.5704162338319989	0.48518416601325137
Q9UJZ1;Q9UJZ1-2;A0A087WYB4;F2Z2I8	STOML2	Stomatin-like protein 2, mitochondrial	4	12	12	12	56.7	56.7	56.7	38.533999999999999	356	23.67033640612437	23.639645418945889	23.83691946890513	21.804003365164402	27.697699895234258	27.922353290557002	28.465560115144459	28.071017599297239	4.8014315602732944	0	4.1060486384622239	0
Q9UKL0;H0YNY4	RCOR1	REST corepressor 1	2	11	11	6	29.9	29.9	18.399999999999999	53.326999999999998	485	21.705230377666169	21.58454509383434	21.40852375742503	20.770236501647901	26.252305949565439	25.401291777499988	26.42021210917796	26.578883078871311	4.7960392961353167	0.49126214193828011	4.6315478685006246	0.79984947881533508
Q9BY44-3;Q9BY44;F8WAE5;Q9BY44-4;Q9BY44-2;C9IZE1;H7C5Q3;H7C5R5;F8WF18;F8WAT3	EIF2A	Eukaryotic translation initiation factor 2A;Eukaryotic translation initiation factor 2A, N-terminally processed	10	18	18	18	43.9	43.9	43.9	62.287999999999997	560	21.35536995079184	19.905716357887691	20.912719115250951	21.361688565769629	26.093395802318419	25.13743022600914	25.666901190901012	25.763496466053532	4.7814324238954988	0.17333902782159641	4.5004410426743764	1.4972778192354861
Q13416;C9JK08;B8ZZ80	ORC2	Origin recognition complex subunit 2	3	11	11	11	25.3	25.3	25.3	65.971000000000004	577	20.54599299096239	19.657117812147948	21.40761600881849	21.12065579196144	25.892890918921111	24.94619166449381	25.313993738833329	25.597273996535339	4.7547419287233303	0.6118329109898798	3.8714743492242198	0.89478351195526828
P24468;P24468-3;P24468-2;F1DAL7;F1DAL9;P10589;H3BTC2	NR2F2	COUP transcription factor 2;COUP transcription factor 1	7	8	8	7	21.3	21.3	19.3	45.571000000000012	414	20.977815826423441	20.405212568322479	21.98594507437932	21.297120384332011	26.21624926026896	25.54936659522695	25.76814918308655	26.00797801727316	4.7189123005995901	0.57992027750625563	4.478543635849352	0.31875894965134499
Q9UFC0;H7C5S6;F8WDB4;H7C5N7	LRWD1	Leucine-rich repeat and WD repeat-containing protein 1	4	11	11	11	24.9	24.9	24.9	70.86	647	20.904088192104091	20.346670451782849	20.810591625343861	21.030949322030871	25.8397089591355	24.961772203270641	25.61003490743812	25.49090741693071	4.7025309738783241	0.42698677845079969	4.4060936951983303	0.49947376535709748
Q9Y314;A0A075B6F9;M0R3B2;A0A075B797;M0R1K2;M0QX85;M0R1T7	NOSIP	Nitric oxide synthase-interacting protein	7	9	9	9	36.5	36.5	36.5	33.171999999999997	301	20.38884991722286	20.149400072535229	21.121395425769101	19.918632293282371	24.81933751797207	24.98102508799477	25.174704461336091	25.189295829743571	4.6465212970592411	0.46678368017112848	4.4285325413580114	0.84230222504194696
A0A140TA49;A0A140TA32;A0A0G2JPR0;P0C0L4-2;P0C0L4;A0A140TA44;A0A140TA29;F5GXS0;A0A0G2JL54;P0C0L5;A0A3B3ISA6	C4A	Complement C4-A;Complement C4 beta chain;Complement C4-A alpha chain;C4a anaphylatoxin;C4b-A;C4d-A;Complement C4 gamma chain;Complement C4-B;Complement C4 beta chain;Complement C4-B alpha chain;C4a anaphylatoxin;C4b-B;C4d-B;Complement C4 gamma chain	11	7	7	6	5.5	5.5	4.8	187.79	1698	21.517056446429599	20.475860029504339	21.14891583330348	21.234760092058021	25.799069720246571	25.247352143913631	25.894279527759139	25.869948467404459	4.6085143645070916	0.65525455368012075	4.2853288623140102	1.549833417085354
O15504;C9JYA1;O15504-3;O15504-2;B4DT96	NUPL2	Nucleoporin-like protein 2	5	6	6	6	18.399999999999999	18.399999999999999	18.399999999999999	44.871000000000002	423	21.236144476373429	20.98812145103172	20.97428652894466	22.68097665010481	26.02341647306584	25.485973235410029	26.300912903811689	26.462138773226702	4.5982280697649101	1.0093739693421211	3.708506818066938	1.3810515845170499
Q9UBD5-2;Q9UBD5;Q9UBD5-3	ORC3	Origin recognition complex subunit 3	3	14	14	14	27.8	27.8	27.8	82.323999999999998	712	21.741426023654778	20.045945867432689	20.852148365197358	21.122265009234919	25.81582457893904	25.095188057856799	25.363993546128938	25.854931713088462	4.5920381576233753	1.039558755122229	3.3433357476831338	1.101587456304602
Q71UI9;P0C0S5;C9J0D1;A0A494C189;Q71UI9-4;Q71UI9-2;Q71UI9-3;C9J386;A0A3B3IS11;Q9BTM1-2;Q71UI9-5	H2AFV	Histone H2A.V;Histone H2A.Z;Histone H2A	11	5	3	3	53.9	41.4	41.4	13.509	128	20.65158616446034	20.19812397494929	21.622522410029909	27.969829144499521	26.88262010261279	27.155570243522281	27.064145411994179	27.62387021802159	4.571036070552946	0.37174342738850058	1.312143120363185	3.4071862420975728E-2
O75367-3;O75367;O75367-2;B4DJC3;D6RCF2	H2AFY	Core histone macro-H2A.1;Histone H2A	5	8	8	7	31.5	31.5	27	39.488	371	21.630332617061001	19.680426750946211	21.322129734070021	22.351304842580841	26.010050318164289	25.74816827585909	25.587893316461219	25.828712166479129	4.5476575330764133	0.78722442154695915	4.047149332904735	2.0915219862267191
Q7Z2K8;Q7Z2K8-2	GPRIN1	G protein-regulated inducer of neurite outgrowth 1	2	12	12	12	20.2	20.2	20.2	102.4	1008	21.00502293311003	21.020695209490491	21.076056982366339	22.200648905528691	25.368330074060861	25.591179216096279	26.302064185190929	26.217118749320939	4.5440670485433694	0.27692844788386711	4.4111483456529106	1.384434042495954
P62917;E9PP36;E9PKZ0;E9PKU4;G3V1A1	RPL8	60S ribosomal protein L8	5	5	5	5	18.7	18.7	18.7	28.024000000000001	257	24.362857223615769	25.590693945552339	21.334498492414351	21.463094481968049	27.455836018908681	28.309343050692849	27.802118237954801	27.340025694758189	4.539044714691002	0.1917616074892072	2.1642812216113669	4.4609753207315042E-2
E5RGZ2;H0YKJ1;Q6NT76-2;Q6NT76-3;Q6NT76;Q6NT76-5;Q6NT76-4;H0YLF2;E5RHH9;A0A0C4DGS8;A0A0A0MTK8;F5H0K0;A0A0A0MQU7;E0YMJ8;A0A087WZC2;P20823;U3KQS6;P35680-2;P20823-2;P35680;P20823-3;P35680-4;P20823-6;P35680-3;P20823-7	HMBOX1	Homeobox-containing protein 1	25	6	6	6	17.899999999999999	17.899999999999999	17.899999999999999	43.709000000000003	386	21.544229912681288	22.153016826647828	21.208867101536612	21.285750130441912	26.07861064119054	25.532254607808401	26.114519035307961	26.380783259312771	4.4785758930780091	0.14246104050397251	4.3363406701009177	1.538420031810799
Q53HL2	CDCA8	Borealin	1	10	10	10	48.2	48.2	48.2	31.323	280	22.289375892378981	20.570902232562169	21.2868737958011	21.12008637567288	25.78421667290532	25.632563063492441	25.79320142432325	25.782567964040648	4.4313277070866341	0.89898881662553387	5.2942266113617116	2.4882556705490719
Q9Y265;Q9Y265-2;E7ETR0;H7C4G5;J3QLR1;H7C4I3	RUVBL1	RuvB-like 1	6	13	13	13	40.6	40.6	40.6	50.226999999999997	456	20.80695547391063	22.365207221224349	21.327618426949201	21.955864115761631	25.961728052427041	26.154720781692269	25.806218012850309	26.092549244904539	4.3898927135070851	0.7317436043956892	4.3680818681465894	1.731730944861035
O94842-3;O94842-2;O94842;A0A669KB71;O15405-2;O15405;Q96NM4-3;Q96NM4;Q96NM4-4;Q96NM4-2;O94900	TOX4	TOX high mobility group box family member 4	11	8	8	8	19.7	19.7	19.7	63.593999999999987	595	21.68298232378568	21.098305204506541	21.768787753611949	21.707238008042101	26.046227102504862	25.25346059638467	26.01503725923401	26.28721918660219	4.3361577136948632	0.71458984536085213	4.3573121998346913	0.33999892733978521
O60934;A0A0C4DG07;E5RGU1;E2QRP0;A0A087X1V5;E5RGR7;E5RGN7	NBN	Nibrin	7	19	19	19	30.5	30.5	30.5	84.957999999999998	754	21.62304073558289	20.255260182375359	21.274111473847022	21.450039877240521	25.78379218558981	24.62583590434706	25.723044062212061	25.79503628351851	4.3313140416554097	0.43616138538146421	3.9069118599478951	0.76983930768112852
Q9C0C2;Q9C0C2-2;A0A2R8Y5C4;E9PKK0;E9PKE7	TNKS1BP1	182 kDa tankyrase-1-binding protein	5	42	42	42	32	32	32	181.79	1729	21.792740008274329	20.397593123132719	22.256250726786931	22.147279701314421	25.722158173952501	25.842061401612892	26.143417937340551	26.07093573613118	4.2961774223821818	0.70682444559247348	4.1972645873407437	1.3515651812324081
P07992;P07992-4;P07992-2;P07992-3;K7ES46;K7EP14;K7ER89;K7ER60;K7EMT9;K7EJW9;K7EK97	ERCC1	DNA excision repair protein ERCC-1	11	10	10	10	33.700000000000003	33.700000000000003	33.700000000000003	32.561999999999998	297	21.346708814867789	21.736343663158159	21.16086007502491	20.861637798581029	25.70215978888017	25.276184054281821	25.516891698728841	25.68233584102369	4.2680052578206533	0.47129947583486759	2.8032873375711151	0.31704157638259328
B8ZZN6;P63165;B8ZZJ0;B9A032;B8ZZ67;G2XKQ0;P63165-2	SUMO1	Small ubiquitin-related modifier 1	7	5	5	5	30.1	30.1	30.1	16.645	146	24.336199253541778	21.838446162926601	21.054910817100129	21.751627315231971	26.79835293910152	26.182890014012109	26.131849269499622	26.736086839212241	4.2169988782562493	0.44484531839723968	2.5685481628603539	0.28702980125959859
Q13185;C9JMM0;B8ZZ43;S4R2Y4	CBX3	Chromobox protein homolog 3	4	6	6	5	30.1	30.1	21.3	20.811	183	21.061673083292352	20.338052534037431	24.12044419479513	21.97202852493454	25.557715632927891	25.676644517143568	26.219520993357278	26.877480547197521	4.2097908383917053	0.47243000818122871	2.280722941035406	0.41635825135905241
P50750;P50750-2;F8VXD2;F8VZZ0;J3QSD7;A0A2R8Y7W5;A0A2R8YF61;F5H6Z0;A0A2R8YD28;A0A087WZU2;A0A2R8YEB7;E5RGN0;E7EUK8;Q07002-3;A0A087X209;F8VTV8;H0YAZ9;F8VWX7;A0A2R8Y644;F8VYH9;F8VZ51;E7ESI2;K7EJ83;X6RE90;Q00536-2;A0A2R8Y4Z0;Q00537;Q9BVE2;Q00535;Q00536;P11802-2;Q9NYV4-3;Q14004-2;Q9NYV4-2;Q9NYV4;Q00536-3;O94921;Q07002;O94921-2;Q00537-2;Q96Q40;Q96Q40-5;O94921-3;Q96Q40-3;Q96Q40-4;Q96Q40-6;Q00534;Q00526;P11802;Q00535-2;Q14004	CDK9	Cyclin-dependent kinase 9	51	8	8	7	23.1	23.1	21	42.777000000000001	372	20.60224429046248	21.84311323407308	21.726759771816671	21.55332095092405	25.250102340971711	25.56729394391752	25.46466464788573	25.860412606036739	4.1042588228838559	0.14584473693881009	4.6463825257390736	1.677065354912562
Q5JRA6-2;Q5JRA6;Q5JRA6-4;A0A0A0MRH6	MIA3	Melanoma inhibitory activity protein 3	4	11	11	11	6.3	6.3	6.3	206.89	1848	22.029815337625621	21.463068932437061	21.248525237506001	21.070072426676969	25.00765729245968	24.999766428653629	25.312713480765339	26.671011667096622	4.0449167336824052	0.57855998793942376	3.528524735829826	0.33829398490748941
Q9BUL8;C9J363;C9J5C3;C9J6F3;C9J932;H7C5M9;C9JSA3;C9JND6	PDCD10	Programmed cell death protein 10	8	4	4	4	21.7	21.7	21.7	24.701000000000001	212	21.37956568912626	19.032442744462269	20.87390918194783	21.65558104401418	25.075370116974479	24.235422363502199	25.071733703923631	24.693545234346729	4.0336431897991227	0.57639581854368394	3.1307469588042069	0.46339212555368398
Q96HA7;Q96HA7-2;A0A087X1F6	TONSL	Tonsoku-like protein	3	10	10	10	11.8	11.8	11.8	150.93	1378	21.04464989375963	20.05337302317572	20.977374805779789	21.020678604648449	24.619021241103749	24.532016745388191	24.77751017586764	25.013675021265922	3.961536714065482	0.32706486598076812	5.0279797717779351	1.293235890526595
Q96PC5;Q96PC5-9;Q96PC5-7;Q96PC5-14;G3V599;Q96PC5-10;Q96PC5-11;Q96PC5-12;Q96PC5-13;Q96PC5-5;Q96PC5-8;Q96PC5-6;Q96RT6;Q86UF2;A4D2H0;A4FU28;A0A2R8YE69;A0A5F9ZHA4;Q8IX94;P0CG41;Q8IX95;G3V3C4;G3V5K6	MIA2	Melanoma inhibitory activity protein 2	23	20	20	20	16.100000000000001	16.100000000000001	16.100000000000001	159.83000000000001	1412	21.309266854134119	20.08272685160642	21.242184630141509	21.099593839252641	24.661556312281888	24.66909309953186	25.123604881875721	25.06628237307897	3.9466911229084389	0.4033832532689321	5.0103657972663171	1.5218608282832731
Q92576-2;Q92576;E7EVH3;E7ER40;E9PE34;A0A1B0GX99;D6R9X2;D6RBF0;H0Y8L0	PHF3	PHD finger protein 3	9	32	32	32	22.3	22.3	22.3	219.81	1951	22.288719034627039	21.654534137590598	20.354124525283929	21.90930795519353	25.187522433934451	23.96921435343393	27.106993367913859	25.639866183298409	3.9242276714713888	0.61255755399164258	2.2502770817778051	0.21840953874730271
P62136;P62136-2;E9PMD7;A0A7I2V4F7;P62136-3	PPP1CA	Serine/threonine-protein phosphatase PP1-alpha catalytic subunit;Serine/threonine-protein phosphatase	5	14	5	4	46.7	16.100000000000001	11.8	37.512	330	21.189911933140621	21.482366621802999	21.623886453060791	21.327627457055669	25.153561618010361	25.257422661452821	25.25194493283745	25.517041934078819	3.8890446703298429	0.48490505265385903	4.5105312712578742	1.2436146023781369
Q7Z3K3-5;Q7Z3K3-7;Q7Z3K3-2;Q7Z3K3-3;Q7Z3K3-6;Q7Z3K3;H0YCT3;Q7Z3K3-4;M0R2X2;H7C238;A6PW30;E9PJY9;E9PIR8	POGZ	Pogo transposable element with ZNF domain	13	19	19	19	21.1	21.1	21.1	145.29	1315	20.958934974439291	21.027180035394789	21.507461734096172	20.885157352395211	25.144915851057611	24.151821124324911	25.447142264822361	25.187031535092331	3.88804416974294	0.36121878774908012	3.7884100270323349	0.2290100446218338
P46013;P46013-2	MKI67	Antigen KI-67	2	102	102	102	41	41	41	358.69	3256	22.469485818358251	21.141396207276451	22.050493035390481	22.11870286079871	25.856001053819821	24.946771732097119	26.180255196198001	26.314633442077849	3.8793958755922269	0	4.0509087044454013	0
O75925;O75925-2;O75925-3;H3BSI8;H3BS65;B4DGW0	PIAS1	E3 SUMO-protein ligase PIAS1	6	11	11	10	26.7	26.7	24.4	71.834999999999994	651	21.552297625277529	20.59051734434972	21.332483623714239	20.446916810536951	25.060109437965039	24.56825118649266	24.671200683544789	25.093093517406629	3.867609855382669	0.50102227548858347	3.666245697986231	0.95412616730641187
P39748;I3L3E9;P39748-2;F5H1Y3	FEN1	Flap endonuclease 1	4	6	6	6	18.399999999999999	18.399999999999999	18.399999999999999	42.591999999999999	380	20.391038433530461	21.405831786741729	22.609189561777761	21.452080443356891	25.259363700519	25.26509964243715	24.639424620806359	26.087338037147479	3.848271443875785	0.54210790960522859	2.5132353326775849	0.2134994999741324
Q96GD4-5;Q96GD4;Q96GD4-4;J3QLN8;J3KT86;J3KTD6;J3QR41;Q96GD4-2;Q96GD4-3;J3KRJ2;J3KRF8;Q9UQB9-2;A3KFJ1;Q9UQB9-3;A0A0A0MSY3;Q9UQB9;Q5QPD4;B4DXA6;Q5Y191;A3KFJ0;O14965	AURKB	Aurora kinase B	21	15	15	15	47.8	47.8	47.8	39.466000000000001	345	21.86677774049528	22.098250368576711	21.575612123587089	21.747539418673561	25.57721259272169	25.394373459176091	25.453435932007569	26.062540611366799	3.7998457359848792	0.52722303076521171	3.4209553690683951	0.82615311279079306
Q6P1J9;A0A3B3IRP5;A0A1B0GUB2;A0A2R8YHB3;A0A2R8Y640;A0A3B3ISN2	CDC73	Parafibromin	6	17	17	17	36	36	36	60.576000000000001	531	20.620190607685011	19.958591236086679	21.336159577062428	20.847978310920759	24.52073280602395	24.265493151879561	24.597359254641379	24.56888899553585	3.7973886190814681	0.2659746269836587	3.2795340033102081	1.4305344485217479
Q14207	NPAT	Protein NPAT	1	7	7	7	6	6	6	154.29	1427	21.811957242998599	19.171289600358691	20.827504487848721	22.519808952226271	25.09393975560133	24.28912057394226	25.11489627536897	24.998561852435	3.7914895434788192	0.1132201069691172	2.5933797327074961	0.93328327473232364
P55197-1;P55197;Q5JT35;H0Y5P4;A0A494C038;A0A494C0R2	MLLT10	Protein AF-10	6	13	13	13	21.1	21.1	21.1	109.02	1027	22.613907594568499	21.513243920481081	21.353080459964801	21.74427666375384	25.093254743908169	25.469330547945269	25.97784134033456	25.791935499462291	3.7769633732205179	0.81440195260425474	3.663308900404104	1.034173953601796
P41240;H3BU69;H3BUM9	CSK	Tyrosine-protein kinase CSK	3	6	6	6	15.3	15.3	15.3	50.703999999999994	450	20.55668356595827	19.815607228417061	21.306853126044381	22.05862150124225	24.03145285205472	24.755419811277971	24.912827586714251	25.14359309845328	3.776381981709569	0.90051706908178641	3.1391370835813222	0.51393924429256377
O00299	CLIC1	Chloride intracellular channel protein 1	1	6	6	6	35.700000000000003	35.700000000000003	35.700000000000003	26.922000000000001	241	20.776660514261749	21.891458595965918	21.11553484465492	22.565604043078348	25.362255278572469	25.524145203296371	25.127388588664932	25.414061941893141	3.7696482536164928	0.2400665986486234	3.6431285344368431	1.809213719182061
Q8N7H5-3;Q8N7H5;Q8N7H5-2;B4DGJ5	PAF1	RNA polymerase II-associated factor 1 homolog	4	12	12	12	32.6	32.6	32.6	55.472000000000001	485	20.366915804751429	21.442879727662021	21.05524317856365	21.62863725390584	24.911273844676501	24.31513463289701	25.16629979534078	25.13045556028111	3.7573719670781158	0.3719852043527006	2.9360181816388882	0.79982311598619604
A0A0A0MSK5;Q5JTV8;H0YD16;H0Y4R4;H0YDU3	TOR1AIP1	Torsin-1A-interacting protein 1	5	8	8	1	22.5	22.5	3	52.406000000000013	462	21.725022649522838	21.56192381529878	21.208155671378751	22.077473559332621	24.87408307466341	25.278560905320202	25.30751157478738	25.947329269548081	3.708727282196524	0.71039371139744389	2.5463197979969991	0.76889113491327399
Q6PD62;H0YCE8	CTR9	RNA polymerase-associated protein CTR9 homolog	2	14	14	14	15.8	15.8	15.8	133.5	1173	21.376648188747019	20.545153090417472	21.25339834312847	21.17250995834673	24.799465033316821	24.39741246728298	24.91975333813863	24.95349240787893	3.680603416494423	0.31868443315720302	3.121317847317151	0.9043828848135006
P11717;A0A7I2V381;A0A7I2YQS7;S4R328;A0A7I2V657	IGF2R	Cation-independent mannose-6-phosphate receptor	5	35	35	35	16.399999999999999	16.399999999999999	16.399999999999999	274.37	2491	22.61578138235706	22.818645365151308	21.613287682206639	22.093940400772478	26.106953444980551	25.25356879716027	26.29822300235568	26.122282186766888	3.659843150193975	0.28242748351738972	3.9294137526712358	0.33272038609926191
Q9NRF2-2;Q9NRF2-3;Q9NRF2;F5GXU7;H3BUN7;B4DLN5;H3BTT2;H3BPZ4	SH2B1	SH2B adapter protein 1	8	9	9	9	21.3	21.3	21.3	70.78	671	22.03031152727857	18.989627874728729	21.328838428691871	22.18083231014263	24.996106567306121	23.78706001242605	25.155763233294611	25.118623659292229	3.6319858328692969	0.1380722081819335	2.6643813585128631	1.3594859354333639
Q5VYV7;H0YD23	SLX4IP	Protein SLX4IP	2	10	10	10	31.9	31.9	31.9	45.551000000000002	408	21.418285488879789	22.833658987207919	21.14911413902739	21.574235717558889	25.360548402447812	25.15298168672431	25.69630749234755	25.270777231882221	3.6263301201819762	0.57550910514215636	3.5938292786828701	2.3373227924437261
O60921-2;O60921;H7C272;C9JA95;C9JCK8;F8WAW9	HUS1	Checkpoint protein HUS1	6	4	4	4	21.6	21.6	21.6	29.286999999999999	259	20.768845971655651	20.227726405550889	21.440449161206729	21.088247420968798	24.503791291781091	24.22280374519589	24.603597822995329	24.685280063015409	3.6225509909014129	0.63376356640275899	4.9084023165911157	1.4635171316635149
P00492	HPRT1	Hypoxanthine-guanine phosphoribosyltransferase	1	5	5	5	28.9	28.9	28.9	24.579000000000001	218	20.607151982861961	21.557925803623739	21.456630303339029	21.633440433933419	24.73820196346432	24.8945802169236	25.179154351367231	24.90857366759402	3.6163404188977601	0.35306774994678197	4.728512610628723	1.145030981176856
Q9BXS6-3;Q9BXS6-5;Q9BXS6-2;Q9BXS6;Q9BXS6-4;Q9BXS6-6;Q9BXS6-7;H0YMD2;H0YKA7	NUSAP1	Nucleolar and spindle-associated protein 1	9	6	6	6	15.9	15.9	15.9	49.195	439	21.130758020398289	20.826221981484601	22.02068978106016	21.95885636848104	24.78561410135875	25.072020046277839	25.632424389484459	24.828712166479129	3.5955611380440269	0.44149958088975061	3.506806959031378	1.257455651403341
Q9Y230;Q9Y230-2;M0R0Y3;X6R2L4;M0QXI6;M0R0Z0;M0QXZ7;A0A1W2PS48	RUVBL2	RuvB-like 2	8	12	12	12	30.7	30.7	30.7	51.156000000000013	463	21.851919383806869	21.032278897091391	21.40030579689877	21.860289101421831	25.039925747414589	24.18442319527556	25.559321303701189	25.719888862271208	3.5896914823609252	1.1307921342479801	3.556054308719756	1.1367084137655361
Q13526;K7EN45;K7EMU7	PIN1	Peptidyl-prolyl cis-trans isomerase NIMA-interacting 1	3	3	3	3	30.1	30.1	30.1	18.242999999999999	163	21.510352096419709	22.974602374008491	21.010388293363938	21.281737780920611	24.857473070610659	25.48277694327027	25.30619077551539	25.35050059231142	3.5549652092487469	8.6306149305447138E-2	3.3063091587942961	1.3419149998602331
P53350;I3L2H5;I3L387;I3L309	PLK1	Serine/threonine-protein kinase PLK1	4	10	10	10	21.4	21.4	21.4	68.253999999999991	603	20.71928157674057	21.602590136917669	21.24377371992119	20.27801992161471	24.243434928503831	23.966488553673329	24.712770889350029	25.04476897198812	3.5309494970802948	0.56595230330333923	3.7396371933288721	0.60068121412782649
O95235;O95235-2;D6R9E4;D6RBN1	KIF20A	Kinesin-like protein KIF20A	4	12	12	12	16.5	16.5	16.5	100.28	890	25.043017267811852	20.70451064538431	24.235422363502199	21.211685470450849	25.99392777433652	25.916864056800261	26.913078770175488	26.47650210068387	3.526434238711734	0.27955448675268552	1.7228333550842221	0.12995005240363811
P62854;Q5JNZ5	RPS26	40S ribosomal protein S26;Putative 40S ribosomal protein S26-like 1	2	4	4	4	37.4	37.4	37.4	13.015000000000001	115	27.753470076711679	27.69172296928172	21.211063764561469	21.331141875160359	28.45974915747162	28.202284377198431	27.539934292487811	27.88419334803228	3.5246906223687291	0.39102781646448548	0.96339079965377117	1.0875669828174591E-2
P0DP25;P0DP24;P0DP23;E7EMB3;G3V361;A0A590UJI2;Q96HY3;A0A590UJC0;F8WBR5;G3V226;M0QZ52;G3V479	CALM2	12	5	5	5	40.9	40.9	40.9	16.837	149	21.994736420029419	21.290910184683572	21.40729714601239	21.619793547505029	23.809018361666091	27.185841356247799	25.493475088931561	23.907107048200022	3.5206761392037662	0.7666881433543824	2.1566422913501468	0.47231649059502129
P27348;E9PG15	YWHAQ	14-3-3 protein theta	2	6	5	5	34.700000000000003	30.6	30.6	27.763999999999999	245	21.282075424726631	21.094548313524651	21.722403325745528	21.677276475827789	25.022379666553231	25.55039452191161	24.597018191982372	24.531957273654939	3.4813615285693889	1.1160498577938629	3.4891156707893192	1.227002708787879
P33993;P33993-3;P33993-2;C9J8M6	MCM7	DNA replication licensing factor MCM7	4	33	33	33	57.7	57.7	57.7	81.307000000000002	719	25.255190835753599	24.80734863239266	24.919980595048958	24.06751379692324	28.25651414912506	27.64395799991161	28.466960601204871	28.447701939333481	3.4412752073641388	0	4.4499890193753826	0
P07902;G3V4G9;G3V3U5;G3V223;F2Z2X9;P07902-2;H0YJL3	GALT	Galactose-1-phosphate uridylyltransferase	7	8	8	8	26.1	26.1	26.1	43.363	379	21.641426740977689	21.476692906276948	21.261439422490671	21.477921960377039	24.699329288419161	24.8849269425207	25.133986290899351	24.88716036107817	3.436980463198763	0.40690240485714563	3.065262353484437	0.89547040443372672
A0A7I2V5A3;O14964;A0A7I2V307;A0A7I2V3J3;A0A7I2V2R9;A0A7I2V2W5;A0A7I2V2D8;A0A7I2V3F9;A0A7I2V5A2;A0A7I2V2K2;A0A7I2V6E0;A0A7I2V637;A0A7I2V3I8;O14964-2;A0A7I2V3Z1;A0A7I2YQD1;I3L1P5;A0A7I2V4X6;A0A7I2V5D6;I3L165;I3L1E3;A0A7I2V628;A0A7I2V558;A0A7I2V331;A0A7I2V674;A0A7I2V3Q7;A0A7I2V310	HGS	Hepatocyte growth factor-regulated tyrosine kinase substrate	27	10	10	10	16.2	16.2	16.2	88.73899999999999	800	20.929664472381301	19.550036118823702	21.120619346586881	21.873615321142179	24.002902209852291	24.11243250689979	24.537240680799989	24.48775271189983	3.4165982126294558	0.71503625802547088	3.1143791251663648	0.7691614504325629
Q8NEM0;Q8NEM0-2;Q8NEM0-3	MCPH1	Microcephalin	3	11	11	11	15.6	15.6	15.6	92.847999999999999	835	21.076264678716111	20.182569805082711	21.7455556631337	21.860179385748111	24.519173589383701	23.676913480965609	25.176417582190751	25.138992937428061	3.4117320143218781	0.64339663046281692	2.4457694853189151	0.8399281667714753
P10074;K7EM76;Q5SY20;Q5SY21	ZBTB48	Zinc finger and BTB domain-containing protein 48	4	41	41	41	60.5	60.5	60.5	77.052999999999997	688	19.63003768306919	20.82339898646612	21.163535378191341	20.725227299631971	23.61447890558016	23.251619940523511	24.6461438081758	24.405095746480939	3.3937847633504439	0.45863323942408218	2.5400184597494389	0.77695430728586778
A0A6Q8PH09;Q9NVI1;A0A6Q8PGF4;F8W7R3;Q9NVI1-2;Q9NVI1-1;H3BP78;H3BQE2;H3BT54;H3BMG4;Q9NVI1-4;H3BS60	FANCI	Fanconi anemia group I protein	12	26	26	26	22.8	22.8	22.8	154.37	1372	21.10776366418758	20.996582563880409	21.131823441905318	21.653963953528589	25.141489760188009	23.73943864762396	24.580149055215941	24.809509090961239	3.3451132326218129	0.57530286934237129	3.7242605536999749	0.33854011925355731
K7EK07;P84243;Q16695;K7EMV3;A0A590UJJ6;B4DEB1;K7ES00;Q6NXT2;K7EP01	H3F3B	Histone H3;Histone H3.3;Histone H3.1t;Histone H3.3C	9	8	8	1	56.1	56.1	24.2	14.914	132	30.65667915866478	31.56201772640479	31.128170695847341	20.86548563322448	32.082236129216597	31.83962337075312	31.515309522082191	32.037738886269317	3.3156386735449579	0.2262454682457645	0.61187289071245798	1.44006074153571E-2
Q9P2K3;Q9P2K3-3;Q9P2K3-4;Q9P2K3-2;B4DV59;E9PQE5;H0YF22;E9PR63;H0YDD7;E9PPC5	RCOR3	REST corepressor 3	10	11	6	6	25.9	14.5	14.5	55.581000000000003	495	21.957985565548189	22.692580306196731	20.930998431050028	20.974982814157649	25.59903497428154	24.045102388916089	25.258537280912069	24.889065338623482	3.3087982164451439	0.6859639360032278	2.8353823511648	1.2356200615687201
Q9Y2U8	LEMD3	Inner nuclear membrane protein Man1	1	12	12	12	20.100000000000001	20.100000000000001	20.100000000000001	99.996000000000009	911	21.604020802897072	20.439530204996089	21.36840823338585	21.746632537846001	24.297331084211478	24.217266695282301	24.967456362549381	24.884554369714479	3.302004183158159	0.71447235949405408	3.7884489768126821	1.3521508960551609
P20700;E9PBF6;A0A0D9SFE5;A0A0D9SFY5	LMNB1	Lamin-B1	4	55	55	52	77	77	74.2	66.408000000000001	586	28.051858294612838	28.070915269613842	27.865023181239081	27.970268120629761	31.190899911845339	30.98956029208335	31.499334553818901	31.421316199776939	3.2857615228572499	0	6.7046877822591364	0
P04083;Q5T3N1;Q5T3N0	ANXA1	Annexin A1;Annexin	3	16	16	16	52.6	52.6	52.6	38.713999999999999	346	22.210088650500829	22.211396408765061	22.33668960477549	20.071390281019799	23.741394565421629	28.2965786461072	23.471471805134421	24.16905580686992	3.212233969617996	0.17535844555831709	1.3543601135431109	8.2172922916834996E-3
P49959;F8W7U8;P49959-3;P49959-2;F5GXT0;F5H742;F5H256	MRE11A	Double-strand break repair protein MRE11A	7	18	18	18	32.200000000000003	32.200000000000003	32.200000000000003	80.591999999999999	708	20.74551856856483	20.814023486472919	24.039256438638549	21.653621533388119	24.970750840150309	24.732727225417872	25.086346181104989	25.279765572402091	3.204292448002708	0.60425498129974187	1.8691668504380829	0.20970348165445629
Q8WVC0;Q8WVC0-2	LEO1	RNA polymerase-associated protein LEO1	2	5	5	5	10.7	10.7	10.7	75.403000000000006	666	21.48979319958956	21.83413836803372	21.599142384147601	20.328424350350161	24.638596326690891	23.5799189603126	24.86310980797462	24.87993580090885	3.177515648441477	0.9198710579716266	2.3238419703072939	1.02521080736212
H0YN26;P39687;H7BZ09;O43423;O95626	ANP32A	Acidic leucine-rich nuclear phosphoprotein 32 family member A	5	6	6	3	36.200000000000003	36.200000000000003	15.8	19.997	177	20.156101352093032	21.023709866011931	21.65178124868514	21.664891892260009	24.291441093846409	24.811862270834681	24.290386774751809	23.750316894805831	3.1618806687971528	1.2500700374823579	3.021560908200887	0.90999679341377748
Q7KZ85;Q7KZ85-3;Q7KZ85-2	SUPT6H	Transcription elongation factor SPT6	3	28	28	28	24.3	24.3	24.3	199.07	1726	21.540379271772728	20.13815624009785	21.38711279409992	22.641498484199541	24.444237932468159	23.926057782856319	24.823279376635661	25.155647442529201	3.1605189360798298	0.36335861068998082	2.6144349409650078	0.51377921557069384
Q6UXN9;C9JBU3;C9J355	WDR82	WD repeat-containing protein 82	3	10	10	10	42.8	42.8	42.8	35.079000000000001	313	22.494028053390689	21.351220117167092	21.077378884067201	22.888956850770771	25.378122572503511	24.53759617033958	24.865377231314291	25.57178457904017	3.135324161950451	0.17566174568137111	3.1099271160995752	0.73608214101182956
Q8WYQ5-3;Q8WYQ5	DGCR8	Microprocessor complex subunit DGCR8	2	10	10	10	14.5	14.5	14.5	82.75	740	21.54205926046448	20.976178493776509	21.25255866420224	21.527007005162741	24.658617699662859	23.528384475789121	24.62628164491089	25.023776007421262	3.1348141010445389	0.43459101783985071	3.4915187084991248	1.047334054841891
Q92878-2;Q92878;A0A1W2PQ90;Q92878-3;A0A494C1B7;E7ESD9;A0A494BZX5;A0A494C122;E7EN38;A0A494C0Y7;A0A494BZX8;H7C0V2;C9JNH8;E9PM98	RAD50	DNA repair protein RAD50	14	23	23	23	19	19	19	154.59	1318	21.849840299620229	21.72004548117609	21.99189270247528	22.299730159076908	24.56871507557733	24.941900852608999	25.014909604051791	25.71371499287881	3.0944329706921052	0.1167514220464677	4.4849692650466046	0.50689888674623518
A0A1W2PQ43;E9PK09;E9PQN2;E9PKI6;E9PK91;Q9NYF8-4;Q9NYF8-3;Q9NYF8-2;Q9NYF8;E9PJA7	BCLAF1	Bcl-2-associated transcription factor 1	10	3	3	3	5.4	5.4	5.4	80.617999999999995	703	21.089939787533439	19.62106223933224	21.092123289876731	21.405251202388339	24.097158980502591	23.698163731053441	23.7445801179298	23.969477867399931	3.075251044438756	0.29557512018225018	3.283858497765844	0.95548348543138317
Q9H2P0;A0A669KBJ7;A0A2R8Y6X0;A0A2R8YCL6	ADNP	Activity-dependent neuroprotector homeobox protein	4	25	25	25	27.3	27.3	27.3	123.56	1102	22.908555344050459	22.566719293356812	21.556184202461822	21.002576062635679	25.24724347587129	24.586347786283689	25.41944075198213	25.066077033543351	3.0712685362939252	0	3.1800111302591252	0
A0A087WVR3;A0A087WTW0;Q96T88;Q96T88-2;A0A087WWG9;Q96PU4	UHRF1	E3 ubiquitin-protein ligase UHRF1	6	14	14	14	19.899999999999999	19.899999999999999	19.899999999999999	91.09899999999999	806	21.50732245698098	22.88922319948346	23.53860291527279	21.30238587803094	25.423197228968618	24.753482828633409	25.889274268416639	25.451016119467319	3.0698589989294511	0.1215866287379118	2.607621009918617	9.3586511751240831E-2
P29590-4;P29590-2;P29590-5;P29590-9;P29590-3;P29590-8;P29590;H3BT57;P29590-14;P29590-10;P29590-12;P29590-13;P29590-11;H3BT29;H3BUJ5;H3BVD2	PML	Protein PML	16	10	10	10	19.100000000000001	19.100000000000001	19.100000000000001	62.006	560	22.20609310411497	20.636385124080022	20.813724679532761	21.88349288511743	24.527847792154361	24.637159489405839	24.228393027973539	24.356154795575279	3.0524648280659559	0.38995543747848482	3.184798787070207	0.91694435497671889
O00148;O00148-2;K7EQN7;O00148-3;K7EPJ3;A0A0D9SEM9;K7ENP6;A0A0G2JHN7;K7EL56;K7EIL8;F6U6E2;K7EN69;F6S2B7;F6SXL5	DDX39A	ATP-dependent RNA helicase DDX39A	14	13	5	5	36.1	17.100000000000001	17.100000000000001	49.128999999999998	427	21.72464447693886	23.61930116408352	21.003568050365569	21.047167168437269	25.16783156279465	24.40444620568347	24.719888862271208	25.312367269959779	3.052463260220966	0.67101564318350737	2.2892741330408728	0.3340241183769721
P06733;A0A2R8Y6G6;P06733-2;K7EM90;A0A2R8YEM5;A0A2R8Y879;K7ERS8;A0A2R8YEG5;A0A2R8Y798;A0A2R8Y6I8;P13929-3;P09104-2;F5H1C3;P13929-2;E5RI09;E5RG95;K7EKN2;P09104;K7EPM1;E5RGZ4;F5H0C8;P13929	ENO1	Alpha-enolase	22	15	15	15	44.7	44.7	44.7	47.167999999999999	434	22.89037413296364	23.693385711831311	24.106214671372271	20.52857013153471	25.088329211755191	28.245222570595569	24.9862434263616	25.105175755081341	3.0516065790229399	0.15899528019608139	1.4488181265091209	6.4511748628455101E-2
P24666;G5E9R5;P24666-4;F2Z2Q9;P24666-3;P24666-2;D3YTI2	ACP1	Low molecular weight phosphotyrosine protein phosphatase	7	5	5	5	38	38	38	18.042000000000002	158	22.89454321240823	20.685004104072419	24.062252381175721	20.979931956847469	25.09490627754964	25.237393208813831	24.949668576826738	25.532254607808401	3.0481227541236908	0.20854479438689119	1.981925128726606	6.9119025311792676E-2
P30153;B3KQV6;E9PH38;C9J9C1;P30154-5;P30154-4;P30154;P30154-2;M0QXG4;M0R0K6;E9PPI5;E9PNM7;E9PHZ6;H0YDG7;P30154-3	PPP2R1A	Serine/threonine-protein phosphatase 2A 65 kDa regulatory subunit A alpha isoform	15	10	10	10	24.3	24.3	24.3	65.308000000000007	589	21.061366796482918	20.496314560090539	21.254460473917689	21.587573868262901	24.064885487553639	24.645429317007778	23.915702163865149	23.952426311365691	3.0446818952595538	1.0580346144495441	2.900296056994859	0.588613151832311
Q8N2W9	PIAS4	E3 SUMO-protein ligase PIAS4	1	12	12	12	27.8	27.8	27.8	56.503	510	21.77419083648617	22.1302153446501	20.817231663948949	22.009392072743591	25.092529082719899	24.186162612357311	24.876005386794439	24.728944769968219	3.0381529835027661	0.51884020112805773	3.3677826468192449	1.0407550979939679
A0A7P0TBM9;A0A3B3IT82;P54132;H0YNU5;H0YLV8	BLM	Bloom syndrome protein	5	18	18	18	15.9	15.9	15.9	154.6	1372	20.865127263342899	20.193466768215039	21.784229377568881	21.698501316471731	23.902698223099399	23.732934196946939	24.656382526367249	24.28128768280196	3.007994475904253	0.17051386186559381	3.0408486552357128	0.39632715740029822
P11387;A0A7P0T852;A0A7P0T9R7;E5RIC7;Q969P6-2;Q969P6	TOP1	DNA topoisomerase 1	6	8	8	8	14.4	14.4	14.4	90.724999999999994	765	21.68278909301727	20.31850552259214	21.673972394810221	21.310211183655419	24.575828657167261	23.77635591940323	23.950647731295899	24.713190567194779	3.0076361702465308	0.26304869037458639	2.3876779632534029	0.70705237388100994
Q9Y2X9;Q9Y2X9-2	ZNF281	Zinc finger protein 281	2	9	9	9	14.2	14.2	14.2	96.914000000000001	895	21.477745385388719	19.805876977261651	21.31926364165767	22.320367764482871	23.986156608546569	24.184271842459559	24.294459211990031	24.467559283093081	3.0022982943245791	0.45279059535027671	2.3758798062669628	0.44024213945907897
A0A0C4DFV9;Q01105-3;Q01105-4;Q01105-2;Q01105;P0DME0	SET	Protein SET;Protein SETSIP	6	6	6	6	36.799999999999997	36.799999999999997	36.799999999999997	31.123999999999999	266	21.47539647604404	23.0944376136047	21.159627420003378	21.89679962584249	24.5332056655106	24.774798719820719	24.964991570861621	25.221734904696191	2.967117431348635	0.68847206031682107	3.0875464586393999	1.696154575425068
A0A2R8YD63;Q92547	TOPBP1	DNA topoisomerase 2-binding protein 1	2	15	15	15	13.1	13.1	13.1	170.13	1517	20.955572253719001	19.947246914784799	21.066478735830131	20.000348552903532	23.134566073531111	23.570569141748511	23.894395184854488	23.20079625697279	2.9576700499673572	0.26723323673988891	2.940434665050057	0.62521472975519754
A0A087WZ13;E9PAU2;Q8IY67-2;Q8IY67;K7EKR9;Q8IY67-3	RAVER1	Ribonucleoprotein PTB-binding 1	6	8	8	8	17.100000000000001	17.100000000000001	17.100000000000001	77.843000000000004	739	19.95205528438661	21.962253844451698	20.80943206555402	22.169968583402959	24.21689680192825	23.80045284235295	24.19159422528563	24.334836291663471	2.9125175958587568	0.59846378718509574	2.323097787889628	1.1026570002691249
H0Y9M2;A0A494C0H4;Q17R98-2;Q17R98;A0A590UJE4;H0Y9K9;G5E9Z1;Q17R98-3;A0A5F9ZGT0;A0A5F9ZGW8;A0A5F9ZHK5	ZNF827	Zinc finger protein 827	11	23	23	23	23.6	23.6	23.6	149.34	1349	22.413146408605659	21.402165850714059	21.3387779219164	21.612541149964919	24.626671554964659	23.821042111855281	25.053785715495291	24.902790211178669	2.9094145655732171	0.65100882951288086	2.7628615925541009	0.97918902021573717
P27694;I3L4R8;I3L2M5;I3L524	RPA1	Replication protein A 70 kDa DNA-binding subunit;Replication protein A 70 kDa DNA-binding subunit, N-terminally processed	4	22	22	22	44.8	44.8	44.8	68.137	616	24.07373690794639	23.33237971073352	23.95082568800526	23.341773973891989	26.681639055189869	25.86886587535874	26.870089615190139	26.901156550221451	2.9057587038457591	0	4.063004297463479	0
Q9UPT8;M0QY97	ZC3H4	Zinc finger CCCH domain-containing protein 4	2	15	15	15	17	17	17	140.26	1303	21.963784644192469	22.4970500913381	21.14768226548037	21.636771453724759	24.794069553989189	24.454503130267629	24.73954165680189	24.85671350755743	2.8998848484701112	0.42221926269757709	3.1696164590481239	0.44446856868244672
Q29RF7;Q29RF7-3;H0Y9L9;H0Y9L6	PDS5A	Sister chromatid cohesion protein PDS5 homolog A	4	22	22	20	24	24	22.4	150.83000000000001	1337	23.300476572355951	20.357246337753011	21.355092957568509	21.774902270287839	24.80548017462992	24.219853296719549	24.724007499388811	24.637601745619872	2.8998061445982071	0.52279683748781003	2.3077742655687081	0.54306840158775738
P49916-3;P49916;K7ERZ5;P49916-4;P49916-2;K7EQB6;K7ENR9	LIG3	DNA ligase 3	7	7	7	7	9.3000000000000007	9.3000000000000007	9.3000000000000007	102.69	922	20.07782591965756	20.443818188395792	20.192831560651491	21.476144939964911	23.415061920608569	23.276255061789691	23.403926362405741	23.663837768825619	2.8921151262399718	0.39878945637394397	2.949709909656447	0.67608819587013613
Q8TDN6	BRIX1	Ribosome biogenesis protein BRX1 homolog	1	4	4	4	16.100000000000001	16.100000000000001	16.100000000000001	41.401000000000003	353	23.523128315151979	20.226285916779869	21.293039886811329	21.26855091418793	24.391393596601159	24.448025032794501	24.44676377027514	24.493994181284801	2.8672928870061192	0.21405733540826929	2.175622246124989	6.8725860977552691E-2
Q7Z2Z2;Q7Z2Z2-2;A0A3B3ITU1	EFTUD1	Elongation factor Tu GTP-binding domain-containing protein 1	3	7	7	7	8.1999999999999993	8.1999999999999993	8.1999999999999993	125.43	1120	20.220543922758772	21.556778435928649	20.76027872314371	21.184522642452119	24.050509642047679	23.45650983498604	24.013334260699612	23.639424620806359	2.8594136585641081	0.43248888118816459	2.226980774571623	0.7859555222090534
Q9ULW0;Q9ULW0-2	TPX2	Targeting protein for Xklp2	2	18	18	18	24.9	24.9	24.9	85.652000000000001	747	21.51037192780403	21.826502461130481	21.242322839422251	21.55098792604246	24.44625895636424	23.069285202737209	24.667199052993709	25.301663085361319	2.8385552857643108	0.48276842586101443	2.5141239231047252	0.39351512025581747
A0A0G2JKR7;P28702;P28702-3;A0A0G2JHI1	RXRB	Retinoic acid receptor RXR-beta	4	6	6	3	23.3	23.3	11.5	38.515999999999998	347	21.740624087887142	20.539446524838521	21.315054446495989	22.324667530394041	24.5829073354301	23.551216336255049	24.485543377561651	24.589608632580639	2.8223707730529419	0.51451813309279582	2.4917603077007588	0.96554686972553394
Q86Y56;Q86Y56-2;H0Y650;E9PGY2;Q86Y56-3;H7C3B1	DNAAF5	Dynein assembly factor 5, axonemal	6	13	13	13	20.6	20.6	20.6	93.52	855	24.071610968371981	20.897120078891259	20.656247772314149	21.541765005812181	24.875911674872299	24.302500036822579	24.60744094286029	24.609189561777761	2.80707459773584	0.23311307402830531	1.8349675100981959	0.1088980023311798
Q8N1F7;H3BVG0;Q8N1F7-2;H3BM93;H3BV11;H3BRI8;H3BNN5;H3BV15;H3BRD9;H3BP95;H3BVE2;H3BMX0;H3BPA9	NUP93	Nuclear pore complex protein Nup93	13	10	10	10	18.600000000000001	18.600000000000001	18.600000000000001	93.487000000000009	819	21.086691106386478	20.771344380034218	21.182465196465639	21.17976725281126	23.82890581682048	24.20097581017821	23.652394235414011	23.732830714893971	2.7987096604022619	0.52569177116482046	3.8046908158177888	0.84830733903085898
F6VRR5;Q9BY77-2;Q9BY77;Q8WUT1;F8WCX5;Q6R954;F8WEE2	POLDIP3	Polymerase delta-interacting protein 3	7	4	4	4	13	13	13	48.103000000000002	438	22.02237282258212	20.372782575379979	21.083815166280509	21.10453066549875	23.945298797129691	23.581528854515401	24.071856429034579	24.068334162600351	2.77087925338467	0.69692688480180076	2.5038774686593692	0.70305401344586782
Q9BXW9;Q9BXW9-1;A0A6Q8PFY3;Q9BXW9-3;H7BZJ7;Q9BXW9-4;F8WE37	FANCD2	Fanconi anemia group D2 protein	7	15	15	15	12.3	12.3	12.3	164.13	1451	20.250998206356829	20.87182686593496	21.483662064478331	20.94629827654002	23.9841583554831	23.611892926168188	23.225306890924379	23.77856325628975	2.7617840038888199	0.20795084872276401	3.0924484059292321	0.50959883797064365
Q6ZU80-1;Q6ZU80;H0YJE3;Q6ZU80-3;G3V3F4;Q86TS1;G3V3U2;H0YIZ9	CEP128	Centrosomal protein of 128 kDa	8	12	12	12	12.6	12.6	12.6	115.78	987	21.64134660303284	19.413962277470379	21.006284071984549	21.32496442778692	23.43618896172773	22.549454731932361	24.51773281525508	23.874739761951549	2.747889722648007	0.14052850040788881	2.095338079515344	0.42444771035083501
H7BY10;K7EJV9;K7ERT8;A8MUS3;P62750;K7EMA7	RPL23A	60S ribosomal protein L23a	6	7	7	7	38	38	38	17.692	158	27.300947804627931	26.920253256096341	21.60074629338073	22.096374863527171	27.09486601872694	26.34550108215571	27.70186905882359	27.574631058538738	2.6996362501532012	0.52404512356982769	0.86316849534559859	2.6692574124666042E-2
Q08J23;Q08J23-2;Q08J23-3;A0A140T9Y7	NSUN2	tRNA (cytosine(34)-C(5))-methyltransferase	4	17	17	17	32.5	32.5	32.5	86.47	767	22.381394028697599	22.212970090701091	22.624776718234191	22.14727822469446	24.804101866174289	24.040511137984961	25.708330571110409	25.564709118846569	2.6878084079472231	0	3.2819204362600041	0
P43378;A0A0A0MR09;H3BQT6	PTPN9	Tyrosine-protein phosphatase non-receptor type 9;Protein-tyrosine-phosphatase	3	7	7	7	13.3	13.3	13.3	68.018999999999991	593	21.501376419607212	21.428323035703269	21.337657312198079	21.04142211375483	24.265350069955321	23.525878242304579	24.00530312934518	24.182151234111711	2.667475948613351	0.65576163741261206	3.4478423391412232	1.2745314506710399
P15924;P15924-3;P15924-2	DSP	Desmoplakin	3	91	91	91	36.4	36.4	36.4	331.77	2871	18.221662637244869	22.675944976444999	21.29709314621639	21.860223139224349	22.689666451215949	28.63297900555699	24.26327378582307	19.02131076447154	2.6380765269842308	0.1039901494217615	0.55456316873710898	3.1384782640756212E-2
Q92797;A0A087WUE9;M0R3C7;Q92797-2;M0R1C2;M0R180;M0QXP5	SYMPK	Symplekin	7	13	13	13	17.899999999999999	17.899999999999999	17.899999999999999	141.15	1274	22.998432731024309	20.86646584728928	21.181363378273559	20.5342586214162	24.488243215955858	23.147945826408399	24.05862399505061	24.390213048699849	2.626126377027838	0.40795751793073431	2.0188413770821669	0.2025002061273215
Q14498;Q14498-3;Q14498-2;A0A0U1RQH7;G3XAC6;H0Y4X3;A0A0U1RQW2;Q5QP23;Q86U06-3;Q86U06-2;Q86U06;Q86U06-5;G3V546;G3XAP0;Q86U06-4;H0YJJ3;Q5QP22;G3V5Z6;A0A087X122	RBM39	RNA-binding protein 39	19	9	9	9	25.3	25.3	25.3	59.378999999999998	530	24.33919324489078	19.49257449333831	23.85861166590097	21.608153371771941	25.33278943148439	24.663729209809741	24.777710821887339	24.885718340410701	2.590353756922545	0.70767128636683141	1.181291134561179	1.9003415612699831E-2
Q9BTT0-3;Q9BTT0;E9PPH5;Q5TB19;E9PLC4	ANP32E	Acidic leucine-rich nuclear phosphoprotein 32 family member E	5	3	3	3	15	15	15	25.125	220	21.86101614195508	21.843364436249441	21.938920411956008	21.884971111630211	24.416608908558661	24.111238848671601	24.395844746356222	24.81601996678981	2.5528600921463869	0.33536013210393029	2.9868727311097789	0.81632700548793935
Q96JM3;A0A2R8Y4S6;S4R3K0;A0A2R8Y735	CHAMP1	Chromosome alignment-maintaining phosphoprotein 1	4	7	7	7	9.5	9.5	9.5	89.097999999999999	812	21.68383492641723	19.8733925959238	20.972501777020192	21.918832746989629	23.351916221977081	23.628341405501271	23.643503926303101	24.021659811658122	2.5492148297721799	0.66447653182427813	2.4734244085865491	0.24651845541284431
P31947;P31947-2	SFN	14-3-3 protein sigma	2	13	13	12	61.3	61.3	57.3	27.774000000000001	248	23.19213626354653	22.534648604466771	24.338241285080009	23.221462039227191	24.999637415012501	29.07127339175565	24.670390438634659	24.723799243157359	2.5446530740599158	0.13385985953768659	1.1737571295950999	3.5584891662412028E-2
Q9H0H5;H0YIK5;F8VRD2;F8VZ66;F8VVE5;F8VWY4;F8VV47;F8W1E5;F8W0L1;F8VWX0;F8W1T4;F8VXH1;F8VV37;F8VS54;F8VQZ5;F8VV39;F8VUW9;F8VYH6;F8VQF5;F8VVY0	RACGAP1	Rac GTPase-activating protein 1	20	10	10	10	18.5	18.5	18.5	71.02600000000001	632	21.7384654774891	21.880776474686069	21.18853415709593	21.398123879636849	24.114181421093441	23.194091930161431	24.477104559204761	24.518753512207368	2.524557858439763	0.20816092087656171	3.2622658177643191	0.61446629084288795
A0A087WYJ2;M0R2B7;P28340;M0QZR8;A0A2R8Y7K6;A0A2R8Y705;M0QXE6;M0QXQ2;M0R3H8	POLD1	DNA polymerase;DNA polymerase delta catalytic subunit	9	17	17	17	21.1	21.1	21.1	121.18	1083	23.816459492726821	20.46715233707792	21.413885585580619	22.309747065964661	24.860081022784211	23.980153526897219	24.542209580846361	24.712718421034381	2.52197951755304	0.24496221772901311	1.570505790564767	0.34720786909477441
Q14966-3;Q14966;Q14966-4;Q14966-2;Q14966-6;Q14966-5;A0A096LNR2;A0A096LNX0;A0A096LPI0;A0A096LNQ0;A0A096LPB4;C9JWN0	ZNF638	Zinc finger protein 638	12	12	12	12	7.5	7.5	7.5	218.24	1957	24.312436518767768	21.625150190246782	21.757559140660071	21.66761592893187	24.237903729522149	24.823862440785138	24.83682318332156	25.515298241435701	2.5127814541145228	0.46605300509868403	1.8540554231265409	3.5512979916567787E-2
Q9H0S4;Q9H0S4-2;F5H1N9	DDX47	Probable ATP-dependent RNA helicase DDX47	3	9	9	9	22.6	22.6	22.6	50.646000000000001	455	20.878969269909529	22.606639254268419	23.51484694323252	21.77110158225786	24.756438232215999	24.561974040806501	24.962081221349461	24.473207303760319	2.4955359371159869	2.3422412101436682E-3	2.065465963001107	0.54822733013259417
A6NHN7;A6NHB5;Q14202-2;Q14202;A6NL54;Q14202-3	ZMYM3	Zinc finger MYM-type protein 3	6	5	4	4	4.8	4.0999999999999996	4.0999999999999996	141.79	1280	20.593660020851569	19.95266201625785	22.029672086211662	21.97288046164466	23.531481411511301	23.123131220024931	23.924246375699031	23.913512529537201	2.4858742379516818	0.8553328444404007	1.923759414207947	0.32365449393236301
O94761;A0A087X072;A0A087WTJ0;V9GYB6;V9GZ64;V9GY60;V9GYA3	RECQL4	ATP-dependent DNA helicase Q4	7	9	9	9	12.2	12.2	12.2	133.07	1208	22.69686991967005	20.870248939572271	21.2543558536129	20.408588478226491	24.189785958860188	23.331969873590229	23.837304546991199	23.76111373101584	2.4725277298439372	0.36203894382555207	2.0045576889118069	0.39321203749727163
A0A2U3TZL8;H7BYN4;A0A7I2V5Y5;Q02241-2;Q02241;Q02241-3;H0YME6;A0A2R8Y531;H0YMJ4	KIF23	Kinesin-like protein;Kinesin-like protein KIF23	9	11	11	11	17.899999999999999	17.899999999999999	17.899999999999999	92.682000000000002	810	20.718205775024849	20.36203045875742	23.429564069997468	23.027510034066982	24.46668839092397	23.45060717892423	24.762939157291719	24.708356885417452	2.4628203186776632	1.7734041015265611E-2	1.5676449890428801	0.36718071962826487
Q96PK6-5	RBM14	RNA-binding protein 14	1	8	4	0	38.6	25.1	0	37.033999999999999	339	20.47210543949317	19.934326793384301	21.648837463070869	21.29915829168036	22.92275932283146	23.03970825611983	23.59023707117883	23.65283184671361	2.4627771273037551	0.56282316204678096	2.4685907867288281	0.78040948527902765
P45973	CBX5	Chromobox protein homolog 5	1	3	3	3	12.6	12.6	12.6	22.225000000000001	191	21.634159717294871	21.42343929735943	21.024370169706689	21.60632646037822	23.162678362956971	22.846209626334002	24.892589877427071	24.564302095274709	2.4443710793133819	0.30027351376760641	1.9597338247721781	0.36507842301048471
C9J592;C9IZZ0;A0A6Q8PG52;A0A6Q8PH84;P51149;A0A6Q8PGE6;C9J8S3;C9J7D1;C9J4S4;C9J4V0	RAB7A	Ras-related protein Rab-7a	10	4	4	4	29.3	29.3	29.3	17.036999999999999	150	21.544526074042061	22.59902988177808	21.737340064300351	21.99289864754024	24.245757525036481	24.18502844780566	24.585774947268469	24.517432472786862	2.4150496813091831	0.28096340916042162	2.4583722081023689	0.90009025114914309
P30876;C9J2Y9;C9J4M6	POLR2B	DNA-directed RNA polymerase II subunit RPB2;DNA-directed RNA polymerase	3	23	23	23	23.4	23.4	23.4	133.9	1174	23.57068494180804	22.947743937670609	23.687951424443941	20.575018031410629	25.369961234911699	24.59057974052233	25.247750523387989	25.080136667580341	2.376757457767285	0.12798598669501751	1.7411231829410849	0.18990553403784899
Q14683;G8JLG1;A0A6Q8PHC3;V9GYN9;V9GY57	SMC1A	Structural maintenance of chromosomes protein 1A;Structural maintenance of chromosomes protein	5	13	13	13	11.7	11.7	11.7	143.22999999999999	1233	20.026829934480421	21.530612927846491	21.37227018358054	20.809613682683349	23.530052882597602	22.781327693126681	23.351781459934958	23.57103228622789	2.3737168983240848	0.45913861272869672	2.9904031656327561	1.441811498347936
Q9Y4C8;H0YIL2	RBM19	Probable RNA-binding protein 19	2	8	8	8	12.1	12.1	12.1	107.33	960	21.520951485922492	19.12908899670316	22.21454205794576	20.68361075282132	23.175938113366769	23.03419311019114	23.60693288207332	23.203532018223271	2.3681007076154419	0.96281218046790018	1.3471015160802919	0.13907156032815651
P32119;A6NIW5;P32119-2	PRDX2	Peroxiredoxin-2	3	6	5	5	27.8	22.2	22.2	21.891999999999999	198	22.12866832324832	24.625445768350161	21.348816518871178	20.4197404073645	24.844026828531359	24.628174507395521	24.258034011015042	24.247859153246178	2.3638558705884831	0.39977634031808978	1.3007092376879941	0.27770678220694511
P50991;P50991-2	CCT4	T-complex protein 1 subunit delta	2	8	8	8	18.399999999999999	18.399999999999999	18.399999999999999	57.923999999999999	539	23.132512280860109	20.86531677262878	21.16923050521471	20.984367777413478	23.352859203969309	24.685547421856981	23.59809794724821	23.948510536844118	2.358396943450388	0.21082550417884849	1.713009603221797	0.30090181358019402
Q9UIG0-2;Q9UIG0	BAZ1B	Tyrosine-protein kinase BAZ1B	2	12	12	12	9.8000000000000007	9.8000000000000007	9.8000000000000007	170.45	1479	19.862837991050888	21.49077923853439	23.38548117296807	22.810135895428601	24.45180221793651	23.415706700525838	24.015802953214418	24.818752621836129	2.288207548882736	0.99114745556699069	1.314559465722573	0.80678126598560218
O15297;O15297-2;K7EJH1	PPM1D	Protein phosphatase 1D	3	6	6	6	14.4	14.4	14.4	66.673999999999992	605	21.635495275607369	21.39848700384195	21.321640952648561	22.359338299501101	23.742114498802181	24.02394516906077	24.017163184349609	23.9837235861579	2.262996226692874	0.38790008635332568	1.880506527504662	0.18083791781035891
Q13472-3;Q13472-2;Q13472;K7ELI7;K7EMT6;H7C4B0;H0Y6W0;O95985-3;O95985-2;O95985	TOP3A	DNA topoisomerase 3-alpha	10	10	10	10	13.9	13.9	13.9	101.21	906	23.063510796071299	20.9092474639756	21.074317498351881	21.131388554505222	24.029600652284699	22.989850425962761	23.775250983199541	24.43154198182431	2.2619449325918288	0.41332945674764648	2.0922626828415898	0.87572049076226144
Q7Z5L9-2;Q7Z5L9	IRF2BP2	Interferon regulatory factor 2-binding protein 2	2	8	8	8	21.4	21.4	21.4	59.48	571	21.512852760233091	20.674316714986741	21.238643428951129	21.265809053991141	23.257674425000651	23.21855318538233	23.385086148539671	23.755317929632451	2.2312524325982479	0.62871458622281207	2.711174448410778	1.0821084453438941
Q8TEK3-1;Q8TEK3;V9GY76	DOT1L	Histone-lysine N-methyltransferase, H3 lysine-79 specific	3	9	9	9	6	6	6	184.85	1739	19.893015892899779	20.304994354308221	21.78339576742551	21.91908394974913	23.52468326580879	22.223790797703678	23.563371324248301	23.505306632383071	2.2291655139403028	0.68182285308011992	1.6883292548900031	0.74610660697821762
P23497;C9JBL0;E9PHV6;P23497-7;P23497-6;P23497-5;P23497-2;P23497-3;P23497-4;H7BYP4;U5Y3L1;Q9H930-1;Q9H930-2;Q9H930;Q9H930-3	SP100	Nuclear autoantigen Sp-100	15	7	7	6	8.9	8.9	8	100.42	879	22.478142458566371	21.096228074616139	21.743632325579199	22.212002602819211	24.212376450103921	24.118386028681289	24.109964523721011	23.987458327520461	2.224544967111441	0.2087557756287105	3.2685284052699561	1.0535477620486291
Q5SSJ5;Q5SSJ5-3;Q5SSJ5-2;B0QZK4;Q5SWC8;B0QZK9;B0QZK8;Q5SSJ5-5	HP1BP3	Heterochromatin protein 1-binding protein 3	8	5	5	5	9.6	9.6	9.6	61.206000000000003	553	20.92824973423485	20.519817474051759	20.999315332545901	22.593428141000771	23.101429449561969	23.90297416974327	23.27255802930496	23.610654512931291	2.2117013699270509	0.60776879445960574	1.654105234357514	0.85658371269334976
O00410;O00410-3;H0Y8C6;O00410-2;E7EWK4;E7ETV3;E7EQT5;E7EV12;E7EX05;E7ETV8;E7ESZ1;C9JZD8;C9JQT6;C9J875;C9JZ53;C9JXE0;F8WF30;C9J583	IPO5	Importin-5	18	6	6	6	7.8	7.8	7.8	123.63	1097	24.864338437955951	20.094565421352701	21.308753745576411	23.088952813931542	24.64289827242721	24.55262407262391	24.135631012765749	24.860649404566761	2.2087980858917562	5.464666519746509E-2	1.0719378224311049	0.24079665458592939
Q16666-3;Q16666-6;Q16666-2;Q16666;A0A0A0MRB1;H3BM18;X6RHM1;H3BR88;H3BVE6;X6RHR0;Q6K0P9-6;Q6K0P9-5;Q6K0P9-4;Q6K0P9-3;Q6K0P9-2;Q6K0P9	IFI16	Gamma-interferon-inducible protein 16	16	13	13	13	25.4	25.4	25.4	75.935000000000002	673	20.82346656106467	22.276639195767299	21.332529257280171	22.274796353061259	23.83682318332156	23.63865156109588	23.786661285126922	24.173561249590101	2.1820664779902699	0.51234700636388564	2.3390357574346399	0.9749185285895271
Q8WUM0	NUP133	Nuclear pore complex protein Nup133	1	14	14	14	17.600000000000001	17.600000000000001	17.600000000000001	128.97999999999999	1156	23.21769565279471	21.371541197716859	21.48768703984635	22.077794988858351	24.413577832281241	24.28714871670153	24.104696002804829	24.074390413440099	2.1812735215028618	0.10664525543057669	2.4067770669877699	0.229241453052063
A0A6Q8PGB0;P24928;P24928-2	POLR2A	DNA-directed RNA polymerase II subunit RPB1	3	18	18	18	11	11	11	217.24	1970	21.870449339356892	22.47573060858161	21.4202378139831	22.463376449235561	23.943958459130251	24.021066720163279	24.792829208777309	24.020642934054159	2.1371757777419602	0.55323963885667327	1.9858471224021621	0.73146580769767211
Q8NC56;H7C2Z0;D6R958;D6RBV0;Q8NC56-2	LEMD2	LEM domain-containing protein 2	5	3	3	3	6.6	6.6	6.6	56.973999999999997	503	19.583636436342971	20.823792493953981	21.482481541287001	21.385448834508718	22.7776807267633	23.147014203898991	22.88556009555893	22.995485623016481	2.1325953357862608	0.82706978090839001	2.0356951220410782	0.72585919503981999
A0A6Q8PFJ0;P02545;P02545-3;P02545-6;A0A6Q8PHQ9;P02545-5;P02545-4;A0A6Q8PF80;A0A6Q8PGH0;A0A6Q8PFM1;A0A6Q8PF59;A0A6Q8PFF5	LMNA	Prelamin-A/C;Lamin-A/C	12	48	46	4	60.2	59	9.1999999999999993	80.902000000000001	729	27.918491411197849	27.93185031818571	27.829655966474121	27.827658737572062	29.869780836471008	29.766418810227229	30.256311679818591	30.116443912232459	2.125324701329887	0	5.779183065937338	0
A0A494C1L1;Q14739;C9JXK0;C9JES9	LBR	Lamin-B receptor	4	8	8	8	22.1	22.1	22.1	46.924999999999997	411	23.132072922770689	23.38020526640851	22.722465690928939	22.52432294913169	25.249198249397821	24.426496136803301	25.32082560891628	25.25273905042404	2.122548054075406	0.21168601468543111	3.2016005797884541	0.2820424377256579
P78527;P78527-2;F5GX40;H0YG84	PRKDC	DNA-dependent protein kinase catalytic subunit	4	84	84	84	26.1	26.1	26.1	469.08	4128	23.91141100689191	23.614141866671751	23.13337491632857	23.495580834761551	25.94438303424042	25.224166289590631	25.64850460736146	25.80936188969854	2.117976799059321	0	4.0950503322936864	0
P16403;P10412;P16402;P22492	HIST1H1C	Histone H1.2;Histone H1.4;Histone H1.3	4	8	8	5	26.8	26.8	18.3	21.364000000000001	213	25.366930466815589	27.31068696792174	27.053930686035621	26.794143940802019	28.29144987660252	28.319327438385201	28.979483156153691	29.352328852441531	2.1042243155019982	0	2.224111851610143	0
E9PRI1;Q96NY9;H0YDE3;H0YDU2;E9PL60;H0YDK3	MUS81	Crossover junction endonuclease MUS81	6	7	7	7	20.399999999999999	20.399999999999999	20.399999999999999	52.288999999999987	476	22.615893014235269	21.18482841468068	21.967411260964969	22.084796170271851	24.976836784462709	23.453498730233399	23.779565475879121	24.024198874335479	2.0952927511894859	0.77065251343880481	2.3384802342398001	1.4029271183481311
E7EPB3;P50914	RPL14	60S ribosomal protein L14	2	4	4	4	36.299999999999997	36.299999999999997	36.299999999999997	14.558	124	27.307997880394101	27.62414920183506	21.639656989714961	27.229493621827981	28.109785231467061	28.04499820440325	27.973884586221281	28.034541573565569	2.0904779754712721	0.13419724578886949	0.70780289493234516	2.546594842898817E-2
Q9NW64;Q9NW64-2;E5RJW4	RBM22	Pre-mRNA-splicing factor RBM22	3	5	5	5	14	14	14	46.895000000000003	420	21.747621644319199	20.382984820432789	21.44793900149957	22.371767890015921	23.471223706244579	23.281358439566041	23.824736595413029	23.695086376631082	2.0805229403968131	0.32520102746813973	2.271234929345797	0.49390389518526789
Q9HAV4;H0Y9I3;H0Y3W3;H0YA57;E2QRM3	XPO5	Exportin-5	5	13	13	13	15.3	15.3	15.3	136.31	1204	23.628118870402741	23.23818079369957	21.246822544298119	23.71701449834023	25.160695001937452	24.605011925009009	25.12230193740233	25.146043123641491	2.0509788203124031	9.5377694104506028E-2	1.878971757131692	0.19195196477117291
M0R0F0;M0R0R2;P46782;M0QZN2	RPS5	40S ribosomal protein S5;40S ribosomal protein S5, N-terminally processed	4	4	4	4	24.5	24.5	24.5	22.390999999999998	200	25.31903451062901	24.550629373782701	21.3006415105652	22.343546516573941	25.88820608700226	25.79255618966387	25.269136954588419	24.629231202794688	2.0163196306245972	0.43043088474484209	1.0720206072584531	5.0189957747484457E-2
E9PKP7;P17480-2;P17480;E9PMM2;E9PLT2	UBTF	Nucleolar transcription factor 1	5	10	10	10	15.6	15.6	15.6	87.435000000000002	745	23.62644876212336	22.634514179737479	21.00697240412817	21.563580034956839	24.270135606325329	23.772937923839571	24.469237377675551	24.371058733468519	2.0129635650907769	0.3538402408672674	1.6388895560290919	0.227677356524187
O00267-2;O00267	SUPT5H	Transcription elongation factor SPT5	2	17	17	17	23.4	23.4	23.4	120.5	1083	23.909123265711479	22.372148753821971	22.86563209357875	23.190765717839032	25.044143607484891	24.667144900823558	25.391229689371759	25.21682281187562	1.9954177946511571	0	2.852271817243631	0
P18206-2;P18206;A0A096LPE1;P18206-3	VCL	Vinculin	4	10	10	10	14.9	14.9	14.9	116.72	1066	22.078788974345969	20.012811647327059	20.917693023338181	20.878680671404862	21.822015262004079	24.53611438569288	22.8459417412639	22.627829523447868	1.985981648998171	1.2446513809946129	1.010311610548537	0.46675475451074311
Q96HA1;Q96HA1-2;A8CG34-2;Q96HA1-3;C9JER0;C9J370;A0A0J9YWR1;Q6PJE2-5;Q6PJE2;A6NF01;C9JFL1	POM121	Nuclear envelope pore membrane protein POM 121;Nuclear envelope pore membrane protein POM 121C	11	12	12	3	12.7	12.7	3.9	127.72	1249	22.50454607338261	21.430895361005241	21.32700696290587	21.287595831973771	23.291792362393078	22.341339647950189	24.851099345711461	23.9034339635582	1.959405272586358	0.39551678672610768	1.6313590798254769	0.23488037111449769
Q9BXP5-4;Q9BXP5-2;Q9BXP5-3;Q9BXP5;Q9BXP5-5;H7C3A1;H7C1K0;A0A286YEP7;H7C0U8;A0A0A0MSP6	SRRT	Serrate RNA effector molecule homolog	10	12	12	12	16.399999999999999	16.399999999999999	16.399999999999999	100.15	871	23.591835498896351	23.679815099590868	21.414886776853422	21.59544527921615	23.956508743462411	24.525041862697218	24.8215774256679	24.746170260355541	1.9418289094065679	7.5327618642665337E-2	1.589288288773137	1.9245854790334759E-2
A0A494C0M1;P52701;P52701-4;P52701-3;A0A087WWJ1;P52701-2;A0A087WYT6;C9JH55;C9J8Y8;C9J7Y7;F8WAX8	MSH6	DNA mismatch repair protein Msh6	11	28	28	28	27.9	27.9	27.9	142.85	1261	25.14596540897649	23.834317499921951	24.708356885417452	25.11422114451376	26.77718406655713	25.73943864762396	27.071529138869629	26.948376857010729	1.933416942807948	0	2.3794215653439119	0
A0A0C4DG89;Q7L014;D6RJA6;H0Y9U3	DDX46	Probable ATP-dependent RNA helicase DDX46	4	12	12	12	12.7	12.7	12.7	117.46	1032	20.952705648945098	20.855121668623099	21.976292365317349	21.003611191974979	23.06156039368225	22.81466147377586	23.416480056234999	23.18183287384101	1.921700980668394	0.19519725060051299	2.2950737565793542	3.3399326970641047E-2
A0A3B3IU45;P33991;A0A3B3IT92;E5RG31;A0A3B3IS57;A0A3B3ITP6;A0A3B3IRR8	MCM4	DNA replication licensing factor MCM4	7	14	14	14	24.8	24.8	24.8	91.19	813	23.609753180584349	22.633960153632231	22.63411530238891	23.311050910669621	24.869054210601441	23.807250352816279	25.068375168641449	26.079322987718442	1.908780793125626	0	1.956829782656921	2.719479911021036E-16
C9J7T7;A0A384DVL6;C9JE98;C9J0Q5;Q9Y618-5;Q9Y618-4;Q9Y618;C9JQE8;Q9Y618-2;H7C184;H7C1J7;C9J330	NCOR2	Nuclear receptor corepressor 2	12	11	11	11	6.1	6.1	6.1	221	2062	21.385998467721819	22.49044842279962	21.25361060607197	21.454359889614501	23.529338087352151	23.37703043650253	23.795209730526182	23.42751950626695	1.886170093609975	0.27472743033542912	2.6668005987976762	0.19788378750659849
P62899;H7C2W9;C9JU56;B7Z4E3;B7Z4C8;P62899-3;P62899-2;B8ZZK4	RPL31	60S ribosomal protein L31	8	4	4	4	32.799999999999997	32.799999999999997	32.799999999999997	14.462999999999999	125	28.219834837429531	27.613158386545411	27.9298204971813	20.725285321298038	28.433485348998541	28.147974929920341	27.377907520181669	28.071938239975701	1.8858017491554959	0.15458509060540179	0.46940546453693388	1.293152104105375E-3
P62424;Q5T8U3;Q5T8U2	RPL7A	60S ribosomal protein L7a	3	8	8	8	25.6	25.6	25.6	29.995000000000001	266	20.834945399887019	26.3886867431636	26.438189551673929	26.257782310215941	26.249831172983971	26.965101696050858	26.908962987887111	27.280385229738581	1.871169270430016	0.26969964156452308	0.64346814691783083	3.5164582983742677E-2
P22087;M0R0P1;M0QXL5;M0R2Q4;M0R299;M0R2U2;M0R1H0;M0R2B0;M0QXC9	FBL	rRNA 2-O-methyltransferase fibrillarin	9	8	8	7	36.799999999999997	36.799999999999997	33.299999999999997	33.783999999999999	321	25.147169516100771	23.857567987880401	24.055813978615131	20.76078113130551	25.333437918129331	24.987284832836721	25.81772848266159	25.162962575029319	1.870020298688791	0.5103267869575735	1.069424837105716	0.232113542725635
O75369-2;O75369-9;O75369;O75369-8;O75369-6;O75369-3;E7EN95;O75369-7;O75369-5;O75369-4;H7C5L4;A0A0A0MT44;A0A0C4DGA1	FLNB	Filamin-B	13	53	45	45	28.6	25	25	275.66000000000003	2578	22.314263486138419	22.62871963640854	23.469734216265358	23.431988232033849	23.527907433529371	26.642650431630869	24.648394888368259	24.493139106090531	1.866846572193221	0	1.3969286596013939	0
Q8IY81	FTSJ3	pre-rRNA processing protein FTSJ3	1	7	7	7	11	11	11	96.557000000000002	847	22.659968027995241	20.502260665928279	21.08415814771611	21.8350665351198	23.795209730526182	23.38192205324037	23.244335378445829	23.0918756754286	1.857972365220391	0.5297040183785352	1.3414198421189121	9.3653066402231255E-2
O95251-2;O95251-4;O95251;A0A6Q8PHH2;O95251-3;O95251-5;E7EUP3;A0A3B3IT63;A0A3B3ISI1;A0A3B3ITI0;A0A3B3IT19;A0A3B3IU93;A0A3B3IRI4;A0A3B3IS73;H3BMX5;A0A3B3ISF5;A0A3B3ISW3;Q9H7Z6-2;Q9H7Z6;Q8WYB5-3;Q8WYB5-2;Q8WYB5	KAT7	Histone acetyltransferase KAT7;Histone acetyltransferase	22	7	7	7	19.8	19.8	19.8	58.134999999999998	501	21.33041311321124	21.98789383967075	21.54143884810054	22.815677146483669	24.060851586269141	23.293898179495741	23.85205243753505	23.897075829943251	1.8571137714442461	0.70827883312039019	2.1112163534739681	1.457835494020058
Q9BVP2-2;Q9BVP2;C9JYH9;C9JZT7;B4DMU5	GNL3	Guanine nucleotide-binding protein-like 3	5	7	7	7	17.100000000000001	17.100000000000001	17.100000000000001	60.54	537	23.581758692820941	21.652127506772981	21.595020552772819	22.07838345006169	24.380799769993668	23.509541138037989	24.021913919107639	24.349286088884728	1.838562678398888	0.1498602807146982	1.5223003585078121	0.35478777636850678
Q13595-2;Q13595-4;Q13595-3;Q13595	TRA2A	Transformer-2 protein homolog alpha	4	2	2	2	20.399999999999999	20.399999999999999	20.399999999999999	12.951000000000001	113	24.410410978864771	20.9117822141286	20.598241209615281	24.357095012095488	24.79114062614142	23.921797362750191	24.143515251695359	24.767593669105771	1.836629373747148	0.3026756671135421	0.83083697443119953	1.545062033303515E-2
O43290;E9PQI8	SART1	U4/U6.U5 tri-snRNP-associated protein 1	2	8	8	8	14	14	14	90.253999999999991	800	22.46817111127767	20.996789507945451	22.940091313670749	21.861069493265259	23.93894349925182	23.6140295028693	24.123131220024931	23.868159399148109	1.819535548783757	0.45928441848991369	1.977108065632444	0.57854920262525156
O95373;E9PLB2;E9PLJ0	IPO7	Importin-7	3	14	14	13	18.2	18.2	17.2	119.52	1038	23.07682211963736	19.822822575431541	22.930810955536678	22.69983760031398	24.024452535002659	23.694023696087388	23.873332208708849	24.17805266589809	1.809891963694356	0.33664780500817643	1.3246220616142961	0.39154118959201101
I3L1L3;Q9BQG0;Q9BQG0-2;I3L2H8	MYBBP1A	Myb-binding protein 1A	4	14	14	14	15.2	15.2	15.2	140.13	1252	22.734051330406949	21.270763921034629	20.80197299979336	22.166203889561629	23.993949362680251	23.324160764990321	23.311743881066199	23.54710257515325	1.800991110773364	0.47681139256277127	1.5284883405816381	0.4388634163925984
P0DP09;A0A0B4J2D9	IGKV1D-13	2	1	1	1	13.7	13.7	13.7	12.569000000000001	117	30.79164678753644	19.12266181739124	30.051028503783499	30.224235303202111	29.53345075845322	29.162765744926489	29.325430909303101	29.347120218859931	1.7947988049073591	0.75954212802318954	0.25278353711721452	5.5378310250295493E-2
Q4G0J3;Q4G0J3-3;H0YA82;Q4G0J3-2;D6R9Z6;D6RFF0;D6RF49;D6RAF3	LARP7	La-related protein 7	8	8	8	8	16	16	16	66.897999999999996	582	21.141169499987679	22.505080379904498	20.914826315273409	21.882751287446091	23.39767358855806	23.38192205324037	23.287712379549451	23.54686714841629	1.792586921788121	0.56023114363900883	2.0067712840189809	1.1367818700521359
Q2TAY7;Q2TAY7-2	SMU1	WD40 repeat-containing protein SMU1;WD40 repeat-containing protein SMU1, N-terminally processed	2	10	10	10	26.7	26.7	26.7	57.542999999999999	513	23.861548884678481	20.563378801583411	24.520672867303109	24.318862172396891	25.099608821650659	24.756132781413999	25.17111936593782	25.352017285248369	1.7786038820722401	0.13981197714411189	0.98070549258772532	7.3290668640161413E-2
Q14980-2;Q14980;A0A087WY61;H0YFY6;Q14980-4;Q14980-3;Q14980-5;K4DIE0;F5H4J1;F5H6Y5;F5H2F3;F5H3L6;F5H0Z7;F5H763;F5H1L0;F5GZW1	NUMA1	Nuclear mitotic apparatus protein 1	16	44	44	44	27.7	27.7	27.7	236.51	2101	23.610541877178349	23.884368047224111	23.55718975230532	22.66166503491964	25.103215761517149	24.949624054011579	25.425696124006009	25.345027257332148	1.7774496213098669	0	3.0870068849956449	0
Q9NY93-2;Q9NY93;G3V0G3;H7C3E9;F8WDT8;F8WEI3;H7BZN7	DDX56	Probable ATP-dependent RNA helicase DDX56	7	9	9	9	22.9	22.9	22.9	57.273999999999987	507	23.270278214444939	21.351691153284499	21.914389755286329	21.48416587900444	24.0773275304118	23.436951418386471	23.830357366435731	23.750010145088339	1.768530364575533	0.44575110680688812	1.9670838803508921	0.20899404425602661
A0A0A0MSJ0;Q86XP3-2;Q86XP3	DDX42	ATP-dependent RNA helicase DDX42	3	6	6	6	9.3000000000000007	9.3000000000000007	9.3000000000000007	77.813000000000002	708	22.193693603653529	22.0866134561754	21.132702158223161	21.166369365923739	23.81938624861472	22.88716036107817	23.308831165962641	23.49252802766177	1.7321318048353691	1.0345483504719071	1.9729517945436199	1.742109305939074
A6NHR9;A6NHR9-2;J3KTL8;A6NHR9-3;A0A2R8YCU7;A0A2R8YE92	SMCHD1	Structural maintenance of chromosomes flexible hinge domain-containing protein 1	6	20	20	20	12.4	12.4	12.4	226.37	2005	20.810696842926021	22.562137126957911	23.561274891269729	22.764823007784429	24.38317533753732	23.256667107091669	24.60495538753311	24.34611005692582	1.722994005037461	0.2035670404862687	1.4272240628069419	0.20605303734305569
P61247;D6RG13;D6RAT0;H0Y8L7;D6RB09;E9PFI5;H0Y9Y4;D6RAS7;D6R9B6;D6RED7;D6RGE0;D6RI02	RPS3A	40S ribosomal protein S3a	12	9	9	9	39.4	39.4	39.4	29.945	264	23.756438232215999	20.40085084927367	25.122657402611651	25.09329504771846	23.779765836276759	26.172932096776901	25.578854293766891	25.717302192574479	1.7189032218938189	0.44653433144424359	0.67167872930170025	3.7258396305071911E-2
Q8TEX9;Q8TEX9-2;H0YN14;H0YLV0;H0YL92;H0YN07;H0YMR4;H0YKG5;H0YK93	IPO4	Importin-4	9	13	13	13	16.7	16.7	16.7	118.71	1081	23.338785339028519	20.3190409961123	21.565803578712998	23.62265601027606	24.073164847707989	23.94690556073693	23.853004900130468	23.825319071044738	1.713027113872563	0.36960284700007212	1.094241530484918	0.18095671858204371
Q6PL18;A0A0B4J211;Q6PL18-2;Q9ULI0-2;Q9ULI0	ATAD2	ATPase family AAA domain-containing protein 2	5	18	18	18	15.4	15.4	15.4	158.55000000000001	1390	22.395060246586539	22.08629783138786	21.99948258341264	21.615579350951482	23.91305593712244	23.079070653750101	23.9489560468501	23.902330212118279	1.6867482093755961	0.64115273773034365	1.575735572432577	0.17165744970830421
O75533;H7C341;F8WC19;B4DGZ4;A0A494C1M2;O75533-2	SF3B1	Splicing factor 3B subunit 1	6	15	15	15	15.7	15.7	15.7	145.83000000000001	1304	23.119067131736362	22.786840726048769	20.885966877827752	22.346649464391788	24.041931812684592	23.365863187284091	23.9903179816597	24.418218592345241	1.669451843492237	0.21477562732015301	1.6030047561336409	0.34881757624620391
Q03252	LMNB2	Lamin-B2	1	37	34	34	63.7	61	61	69.948000000000008	620	26.025762405090369	26.14672294844733	26.22844807761166	26.10940665240976	27.648353741594448	27.477150891749019	28.039883924711891	27.96960960633568	1.6561645202079871	0	4.6643545692899702	0
A0A7I2V351;A0A7I2V487;A0A7I2YQE1;P52292;A0A7I2V3Z3;J3QLL0;J3KS65;J3QL07	KPNA2	Importin subunit alpha-1	8	15	15	15	37.700000000000003	37.700000000000003	37.700000000000003	55.086000000000013	504	24.611667839181091	24.730707695410061	23.382317944861668	24.936025017088301	26.203629094730271	25.824809417729121	26.168175986456859	26.04818284808989	1.646019712616255	0	2.41413950074522	0
P46063;F5H2L2;F8WA66;F8WD97;F5H4P4;F5H3W0	RECQL	ATP-dependent DNA helicase Q1	6	16	16	16	34.700000000000003	34.700000000000003	34.700000000000003	73.456999999999994	649	24.23242444059294	22.366583687564582	24.379213882370902	23.35029824606071	25.28834623712844	24.4098932808092	25.5735769265813	25.60944321748952	1.638184851354836	0	1.6317501765083591	2.719479911021036E-16
P62269;A0A0G2JQH2;Q5GGW2;J3JS69	RPS18	40S ribosomal protein S18	4	10	10	10	53.9	53.9	53.9	17.718	152	27.049990593637379	27.367530464761799	26.872440047513368	21.4663936101548	27.380139195329701	27.652941228800991	26.67263100507326	27.597401881805052	1.636689648735423	0.23744001794220021	0.53018272008676659	1.157615382806034E-2
A0A669KB56;A0A669KBA4;A0A669KB53;P42224;A0A669KB68;J3KPM9;A0A669KBI6;P42224-2;A0A669KB52;A0A669KB75;E7EPD2;D2KFR9;A0A669KB17;E7ENM1	STAT1	Signal transducer and activator of transcription 1-alpha/beta;Signal transducer and activator of transcription	14	22	22	22	34	34	34	87.122000000000014	748	22.053280275693361	20.72849851196268	20.811117512404952	20.30863677570823	22.938961891037479	22.62357592958459	22.585709204231978	22.201503367021431	1.6120543290265681	0.1754218197037607	2.0120617550046682	0.43359252033016588
Q12996;E9PLP8;Q12996-2;E9PJ06;Q12996-3	CSTF3	Cleavage stimulation factor subunit 3	5	5	5	5	9.3000000000000007	9.3000000000000007	9.3000000000000007	82.921000000000006	717	20.838548723765001	21.288995137069861	21.880383616264361	21.89931682894974	23.392049039364181	22.791856031834911	22.927884998418421	23.214186290805529	1.6046830135935131	0.55942628122981608	1.4187049179019109	0.56642882131741423
P16615-5;P16615-2;P16615-3;P16615;H7C5W9;P16615-4;O14983-2;O14983;O14983-3;H3BVB2	ATP2A2	Sarcoplasmic/endoplasmic reticulum calcium ATPase 2	10	7	7	7	9.8000000000000007	9.8000000000000007	9.8000000000000007	109.73	997	22.855326273271992	21.818902551015221	21.563193030900599	21.960304863360719	23.858516817273951	23.815189385609841	23.290527395156499	23.496556370284061	1.565765812443956	7.6548662613259016E-2	2.155689268062746	0.27702733543977909
P63241;P63241-2;I3L397;I3L504;Q6IS14;F8WCJ1;C9J7B5;C9J4W5;Q9GZV4	EIF5A	Eukaryotic translation initiation factor 5A-1;Eukaryotic translation initiation factor 5A;Eukaryotic translation initiation factor 5A-1-like;Eukaryotic translation initiation factor 5A-2	9	4	4	4	49.4	49.4	49.4	16.832000000000001	154	25.870748122327701	25.61661165880086	25.888693833154949	21.013548210213589	26.254722434117848	26.327453964154859	25.427423596211341	26.598183156677059	1.5545453316660001	0.19234636146643189	0.60307546221469022	2.269983922142459E-2
P25205;P25205-2;J3KQ69;A0A499FHX9;Q7Z6P5	MCM3	DNA replication licensing factor MCM3	5	30	30	30	44.7	44.7	44.7	90.98	808	25.185709053524899	24.764256085763709	24.766077542885501	24.772937923839571	26.665600708889109	25.909100369969579	26.477629574263592	26.572970090469379	1.534080034394492	0	3.5945288328645559	5.4389598220420729E-16
J3QL05;J3KP15;Q01130-2;Q01130;Q9BRL6-2;Q9BRL6	SRSF2	Serine/arginine-rich splicing factor 2	6	5	5	5	45.4	45.4	45.4	15.156000000000001	130	24.934855969119852	25.365662984442569	24.966972539266241	22.18533012174445	25.94239315598892	26.07561493894088	25.796299491638919	25.766178667551081	1.5319161598866811	0.14854566261872071	1.0989318587262169	0.1247891065589027
Q9UH99-3;Q9UH99;Q9UH99-2;B0QY60	SUN2	SUN domain-containing protein 2	4	8	8	8	13.9	13.9	13.9	79.611000000000004	713	23.3245728262225	22.487899880627989	22.663750922266431	21.243673974707239	24.00975140693545	23.548631913212361	24.529933774647819	23.669363474734752	1.509445741426553	0.2133134079684891	1.7128026524139519	0.33197320570788719
Q13573;G3V3A4;G3V4X8;G3V5R3	SNW1	SNW domain-containing protein 1	4	13	13	13	34.700000000000003	34.700000000000003	34.700000000000003	61.494	536	23.222405786783401	23.53516524418438	22.33962821739453	23.081283177024979	23.996623816803471	24.399891213272038	25.04105450233979	24.743193725706501	1.500570208183625	0	2.3536165256411499	0
P52948-6;P52948-2;P52948-5;P52948;H7C3P6;A0A3B3ITD8;P52948-4;P52948-3;H0YCT1;H0YDF4;H0YEN4	NUP98	Nuclear pore complex protein Nup98-Nup96;Nuclear pore complex protein Nup98;Nuclear pore complex protein Nup96	11	10	10	10	6.7	6.7	6.7	186.27	1714	20.691310499495302	22.474324402625431	22.429229464834819	21.853723092347849	23.369195817643131	23.162371043665821	23.426368164563819	23.419183541241409	1.482132776952694	0.56217828996826225	1.52179884961464	0.2079437156391459
J3QSV6;O76021;I3L3U9;I3L3C4;I3L234;O76021-2;J3KPU7;I3L2F2;I3L4T8;I3L1Y4;I3L1A3	RSL1D1	Ribosomal L1 domain-containing protein 1	11	13	13	13	41.2	41.2	41.2	48.207999999999998	430	24.571958129379119	24.001528459783952	23.66644073758026	24.122894330769991	26.34112922430695	25.177786615729751	25.128175613418989	25.640721326226679	1.481247780542269	0	2.333227252203057	0
Q6PJG6;Q6PJG6-2;Q6PJG6-3;F8WDN5	BRAT1	BRCA1-associated ATM activator 1	4	8	8	8	15.2	15.2	15.2	88.117999999999995	821	21.13035047914159	23.346245349751062	21.422926228306299	22.275208859956379	23.60048191095381	23.92188814110736	23.47704278016435	23.067316839727852	1.472999688699512	0.46037264837797082	1.172217384283033	0.1223949647431575
Q6PJT7;Q6PJT7-5;G3V256;Q6PJT7-2;Q6PJT7-9;Q6PJT7-10;H0YJA2;Q6PJT7-11;Q6PJT7-3;Q6PJT7-4;G3V5I6;A0A3B3IT62;G3V3Y4;G3V411;G3V3R9;A0A087WTC9;Q6PJT7-8;H0YJ87;G3V572;G3V2X4	ZC3H14	Zinc finger CCCH domain-containing protein 14	20	11	11	11	18.5	18.5	18.5	82.875	736	22.671913322843618	21.880741655428789	21.129675435207151	22.43070667975741	23.3938826964946	23.06592095594754	23.843068418185279	23.652284811845309	1.4605299473089419	0.42206134469143858	1.899982421602274	0.26137456387234881
Q13263;Q13263-2;M0R0K9;M0R3C0;M0R2I3	TRIM28	Transcription intermediary factor 1-beta	5	31	31	31	56.3	56.3	56.3	88.548999999999992	835	26.275100756523649	25.840309436564649	26.001163337435539	25.876544112249661	27.48968310792257	26.967742181877661	27.507183446943809	27.65676438655084	1.4070638701303371	0	3.636453329435227	0
P46783;A0A2R8Y6L3;F6U211;A0A2R8Y7H1;A0A2R8YFH6;A0A1W2PQS6;Q9NQ39;S4R435	RPS10	40S ribosomal protein S10;Putative 40S ribosomal protein S10-like	8	5	5	5	29.1	29.1	29.1	18.898	165	26.84911966913598	19.822309250039151	26.353263150504471	21.231493770022389	24.499965559240309	25.037665584713569	25.268030497506999	25.034394641441359	1.395967610800062	0.5536226689108823	0.30654233630234479	8.426637810268596E-2
P38919;I3L3H2;J3QQP0;E9PBH4;F8WE11	EIF4A3	Eukaryotic initiation factor 4A-III;Eukaryotic initiation factor 4A-III, N-terminally processed	5	14	13	13	35.299999999999997	31.4	31.4	46.871000000000002	411	21.047846805008849	24.619581032760969	24.964022106550129	24.685547421856981	24.644219371416138	25.14619854041371	25.703929335143439	25.276042028780541	1.363347977394223	0.42739598896334358	0.72355878661049056	0.12813131908835501
Q9BZE4;Q9BZE4-2;Q9BZE4-3;Q5T3R7	GTPBP4	Nucleolar GTP-binding protein 1	4	11	11	11	19.899999999999999	19.899999999999999	19.899999999999999	73.963999999999999	634	21.856827741284349	23.030628074939571	22.737088040617252	20.70739184308643	23.767896703248152	22.907858876888941	23.42598417972167	23.671092677178208	1.360224184277343	0.3060035274482984	1.297428095394489	0.28449637342734008
Q9UPN9-2	TRIM33	E3 ubiquitin-protein ligase TRIM33	1	9	9	1	8.6	8.6	1.2	120.54	1110	23.09583996700492	20.296935479147411	21.200485727466621	22.213771283409379	23.259399621069772	22.73898531984436	22.985965590961321	23.00995638130847	1.296818614038902	0.22456776231284559	0.77087504291053499	0.21869949206242889
Q13242;H0YIB4;S4R3G0	SRSF9	Serine/arginine-rich splicing factor 9	3	6	5	5	26.7	23.5	23.5	25.542000000000002	221	25.510567644963999	25.51258833218462	25.779365087651719	21.829289242140941	25.638679177505381	26.114459462069661	25.730293083188691	26.222693212203279	1.268578657006437	0.15958433030727259	0.63623715492157096	2.7892031377110351E-2
P62851	RPS25	40S ribosomal protein S25	1	5	5	5	29.6	29.6	29.6	13.742000000000001	125	26.030527049412338	26.463105988441889	26.730526317224601	20.92942076336405	26.45156643336723	26.168673342181989	25.973205820301182	26.629231202794688	1.2672741700505521	0.32033979824931258	0.40052986929677431	1.432429077175894E-2
P31946-2;P31946;Q4VY20;A0A0J9YWZ2;Q4VY19;A0A0J9YWE8	YWHAB	14-3-3 protein beta/alpha;14-3-3 protein beta/alpha, N-terminally processed	6	5	4	4	29.9	25.8	25.8	27.85	244	23.245815542068911	23.66166503491964	23.280509129274119	21.79676698208538	23.467123902723479	25.39371907182861	24.052583970285539	24.132967189298501	1.265409361447017	0.38491490249850258	1.064435252094311	0.1017124934938477
P40227;P40227-2	CCT6A	T-complex protein 1 subunit zeta	2	10	10	9	25.6	25.6	23.2	58.023999999999987	531	25.115650459694439	21.423454085976029	24.913284251392941	21.76583793095309	24.864716267542921	24.885345971951558	24.405225619554869	24.083427386051181	1.2551221292710091	0.37445357187667	0.56386675054125834	6.5210676880507967E-2
P62280;M0QZC5;M0R1H5;M0R1H6	RPS11	40S ribosomal protein S11	4	10	10	10	46.2	46.2	46.2	18.431000000000001	158	26.876309908508741	26.964440818787409	26.854717749796482	22.24850713668279	26.9637796386471	27.06743173469285	26.944137242827232	26.970597265094678	1.25049256687161	0.19801562819344079	0.49087014138797352	7.9841712565231898E-3
J3KT73;J3QL01;P63173;J3KSP2	RPL38	60S ribosomal protein L38	4	4	4	4	39.1	39.1	39.1	7.5648999999999997	64	25.509722339399829	25.564767255698179	22.069189880996628	21.964823944707351	25.682844817935258	25.162693727203219	24.1926480016445	25.069481891412579	1.2497912543483951	0.36585442836310728	0.52545846603192514	8.1423046444220548E-2
P55795	HNRNPH2	Heterogeneous nuclear ribonucleoprotein H2	1	10	6	6	30.1	17.600000000000001	17.600000000000001	49.263000000000012	449	22.086769644550031	20.567773900315629	23.840477525467001	24.035569679645391	24.253713052238979	23.52563932617571	24.100852230439909	23.64251272390004	1.248031645694148	0.2774443472397668	0.6972000616422428	9.1629574238098574E-2
Q02543;M0R3D6;M0R1A7;M0R117;M0R0P7	RPL18A	60S ribosomal protein L18a	5	8	8	8	43.8	43.8	43.8	20.762	176	27.616176945258381	28.19046432439961	28.193616420605171	23.62644876212336	27.822744694078722	28.238723830941229	28.411308421161479	28.10209456850102	1.237041265573978	0	0.51251668582576748	0
A0A2R8Y425;A0A0C4DGG9;A0A2R8Y521;A0A2R8Y212;F5GWX5;A0A2U3TZM0;A0A2R8YFK9;A0A2R8Y5J0;Q14839-2;Q14839;A0A2R8YFD8;A0A2R8YDJ9;A0A2R8YD40;A0A2R8YDW2;A0A2R8Y4X2;A0A2R8Y8C1;A0A2R8Y445;A0A2R8YER1;A0A2R8Y7I0;A0A2R8Y5Z7;A0A2R8Y7M9;A0A2R8Y685;A0A2R8Y8B3;A0A2R8Y5M9;A0A2R8YE38;Q8TDI0;K7EMY3;F2Z2R5;A0A2R8Y6G9;H7C0J3;A0A2R8Y7X1;F5H6N4;H7C3H7;I3L229;K7ESA5;K7EPV1	CHD4	Chromodomain-helicase-DNA-binding protein 4	36	37	37	30	23.9	23.9	19.399999999999999	215.49	1889	24.71518237144786	24.73706740430309	24.26054860672803	24.24655505479269	25.670147276400499	25.490111734269519	25.85126618223951	25.848689983006391	1.2252154346610631	0	3.565259920118415	0
P61313;A0A2R8YEM3;E7EQV9;E7EX53;A0A2R8Y738;E7ENU7;P61313-2;E7ERA2	RPL15	60S ribosomal protein L15;Ribosomal protein L15	8	8	8	8	36.799999999999997	36.799999999999997	36.799999999999997	24.146000000000001	204	25.770091799266329	25.816166490314242	26.266512200050791	20.733055348680949	26.085839869274619	26.179932621794009	25.547161425835139	25.61753674187716	1.211161205117149	0.1873368347303761	0.40390518089274802	6.4836136616678343E-3
P62263;A0A2R8Y811;E5RH77	RPS14	40S ribosomal protein S14	3	7	7	7	64.2	64.2	64.2	16.273	151	27.346042405755099	27.130160942321361	27.507712751453859	27.68002980232821	28.71689024900126	28.602437224161481	28.300031378279151	28.797611066421009	1.1882560040010941	0	3.5127348793331721	0
F8WJN3;Q16630-3;Q16630;Q16630-2	CPSF6	Cleavage and polyadenylation specificity factor subunit 6	4	5	5	5	16.3	16.3	16.3	52.268999999999998	478	23.47975855840274	21.08502330582591	21.786522825984122	23.655563914039359	23.971671947332641	23.22287742915314	23.140881557795549	24.419697916874242	1.18706506172586	0.38919047538033708	0.81639617141728882	4.6415876452902322E-2
P55060;P55060-3;P55060-4;P55060-2	CSE1L	Exportin-2	4	35	35	35	48.8	48.8	48.8	110.42	971	26.05318496802008	25.876263063197811	25.86936020294311	26.434042389480179	27.359342331702699	27.255388959905119	27.126325423746419	27.16796551510085	1.169042901703484	0	3.760669280132797	0
Q9NW13-2;Q9NW13;C9JE21;C9JAA9	RBM28	RNA-binding protein 28	4	5	5	5	8.9	8.9	8.9	69.921999999999997	618	21.740786463595551	22.694093330468249	22.793484243926109	21.842155497382169	23.214438301592121	23.29935896212022	23.487507397319931	23.741600297335111	1.168096355748834	0.69884483734736047	1.4442467231613949	0.49425109161716252
Q14692	BMS1	Ribosome biogenesis protein BMS1 homolog	1	7	7	7	6.2	6.2	6.2	145.81	1282	22.341149589226731	22.3321884678884	20.70690937155101	21.6355102139933	22.660969068413721	22.71640753688191	23.297680921755539	23.00211246340406	1.1653530869489459	6.2821404467520284E-2	1.5175219799403969	0.23898948240940379
G3V198;Q12769;E9PR16;Q12769-2;E9PSI3;Q12769-3	NUP160	Nuclear pore complex protein Nup160	6	9	9	9	10	10	10	148.86000000000001	1314	23.301732849864379	21.819171821473901	21.250334018141881	23.51183467538057	23.94270635251317	23.083394921801109	24.171272104812651	23.341095282135161	1.1638488241003391	9.0888348231487323E-2	0.97657466456628461	2.594527732700027E-2
Q969Q0;J3KQN4;P83881;R4GN19;H0Y5B4;H7BZ11	RPL36AL	60S ribosomal protein L36a-like;60S ribosomal protein L36a	6	6	6	6	33	33	33	12.468999999999999	106	26.02508649161561	26.884484501600479	24.889854470247428	22.736654736875089	26.836173087495339	26.786062987479049	25.503093700270529	26.031558019318521	1.15520189855621	0.22083882090643081	0.56404299557117865	3.3964614942499E-3
P62316;P62316-2;K7ERG4;K7EJB5	SNRPD2	Small nuclear ribonucleoprotein Sm D2	4	6	6	6	49.2	49.2	49.2	13.526999999999999	118	26.612736689740871	26.522933828427341	26.727283575825901	21.75434003490178	26.532180280014789	26.670741600633669	26.213396619050179	26.813967073378048	1.1532478610451959	0.15732088384634779	0.41697019107362049	4.2109451622251038E-3
Q9NVP1;H7C452	DDX18	ATP-dependent RNA helicase DDX18	2	13	13	13	24.3	24.3	24.3	75.406000000000006	670	24.6197489279111	24.053412867200549	24.723851310033631	24.316585376230819	25.574732099227599	25.210371107759169	25.527996890969181	26.002322818554781	1.150456108783658	0	2.682143109439771	0
P63104;B0AZS6;E7EX29;P63104-2;B7Z2E6;H0YB80;E7ESK7;E5RGE1;E5RIR4;E9PD24;E7EVZ2	YWHAZ	14-3-3 protein zeta/delta	11	8	7	7	39.6	35.5	35.5	27.745000000000001	245	24.783767211857739	25.388144762494679	24.970838589985561	24.10005015389682	25.357497774532749	26.87361382924022	25.896660194114968	25.715051416167071	1.1500056239550529	0	1.467204659265533	0
Q92621;U3KPX2;U3KQ97	NUP205	Nuclear pore complex protein Nup205	3	10	10	10	6.3	6.3	6.3	227.92	2012	21.358908710573111	21.75625129289795	22.520828702797889	21.77152812353884	23.33919324489078	22.44004793080811	23.051953689966549	23.14161448796736	1.141323130956249	0.64168829995594534	1.2812292075650289	0.59775699374214264
F8W7C6;H7C123;H7C2C5;Q96L21;H7C2U2	RPL10	60S ribosomal protein L10-like	5	8	8	1	49.1	49.1	11	18.565000000000001	163	27.188013165797621	26.986634041889261	27.330141265050131	26.019794988196381	27.84439804144737	27.971858290349889	28.128686949371328	28.13594408064327	1.1390759752196189	0	2.0218024325152091	0
P43246;A0A2R8YFH0;E9PHA6;A0A2R8Y6P0;A0A2R8YG02;A0A2R8Y7S8;P43246-2;A0A2R8Y713	MSH2	DNA mismatch repair protein Msh2	8	11	11	11	15.4	15.4	15.4	104.74	934	23.623772560940029	22.688036826388021	23.258537280912069	21.83262962992303	24.220074789779151	23.335517933557039	23.958634130930559	24.425920172310629	1.134292682103561	0.15841903541184929	1.3195040654930621	0.15626960024735989
Q9BVJ6-3;Q9BVJ6;Q9BVJ6-2;X6RJY0;Q5TAP6	UTP14A	U3 small nucleolar RNA-associated protein 14 homolog A	5	9	9	9	16	16	16	82.003999999999991	719	23.21369696769391	23.149931279368641	21.08773752211874	21.509907907373609	23.569990001986849	22.994415592073281	23.43224317019336	23.490815629786091	1.1315476793711661	0.50175559555913629	0.81144456737737469	0.11727981917640989
Q14258;A0A3B3IUA7	TRIM25	E3 ubiquitin/ISG15 ligase TRIM25	2	5	5	5	9.1999999999999993	9.1999999999999993	9.1999999999999993	70.972999999999999	630	23.481484122946132	22.162049174002011	23.976487209699449	20.6622753326813	23.88623019016207	24.10948636152002	23.400933623029019	23.386270897487861	1.1251563082175211	0.39539029034065759	0.59009345129888413	0.19443317069627161
P62979;P0CG48;F5GYU3;A0A2R8Y422;F5H388;B4DV12;F5H265;J3QKN0;F5H2Z3;F5H6Q2;F5GXK7;Q5PY61;J3QTR3;J3QS39;Q96C32;P62987;P0CG47;F5H747;M0R2S1;M0R1M6;M0R1V7;F5GZ39;J3QSA3	RPS27A	Ubiquitin-40S ribosomal protein S27a;Ubiquitin;40S ribosomal protein S27a;Polyubiquitin-C;Ubiquitin;Ubiquitin-60S ribosomal protein L40;Ubiquitin;60S ribosomal protein L40;Polyubiquitin-B;Ubiquitin	23	8	8	8	50	50	50	17.965	156	28.68612207564383	28.833370713081688	28.592313256171892	28.179733348624868	29.68714052133214	29.431932458305742	29.852799578552499	29.795305736868031	1.118909725384029	0	3.2526192813745092	0
P26373;J3QSB4;P26373-2;H3BTH3	RPL13	60S ribosomal protein L13	4	5	5	5	25.1	25.1	25.1	24.260999999999999	211	26.08614367769508	26.158019297692881	25.84213335468344	24.74678532912851	27.138875792769571	26.963338683484849	26.590351303336998	26.603145017454821	1.115657284461584	0	1.7006692408024691	0
Q8N163-2;Q8N163;G3V119;H0YB24;A0A087X2B6;H0YC69;E5RFJ3;H0YC58;E5RHJ4;E5RGU7	CCAR2	Cell cycle and apoptosis regulator protein 2	10	14	14	14	23	23	23	103.14	923	23.987718530432311	23.579573749134671	21.47685999752964	21.91551359044275	24.051422713937409	23.519533558206849	24.091439906102561	23.722444844391589	1.1062937887747639	0.30794203842231321	0.85667230985199572	6.7895753818949731E-2
P40222	TXLNA	Alpha-taxilin	1	12	12	12	28.8	28.8	28.8	61.89	546	23.43313509914967	23.01036624270851	22.906373179021159	22.395975454853779	23.472711660006961	23.920889264878639	24.45412656219461	24.291441093846409	1.098329651298378	0	1.9453608777697069	0
P49736;H0Y8E6	MCM2	DNA replication licensing factor MCM2	2	13	13	13	16.399999999999999	16.399999999999999	16.399999999999999	101.89	904	23.377162860665361	22.65140912438844	23.980850817892382	23.590693945552339	24.644439437014071	23.747041530411511	24.634004483550981	24.918571024794289	1.0859849318180821	0	1.547844586863971	2.719479911021036E-16
P62995-3;P62995;H7C2L4;H7BXF3	TRA2B	Transformer-2 protein homolog beta	4	4	4	4	26.6	26.6	26.6	21.934999999999999	188	25.31513463289701	25.38886735814997	21.295823309917811	24.500330352122081	25.57603056380599	24.992350952056871	24.69630749234755	25.50236541888912	1.0667246935031649	0.10773054273777539	0.49302683392496149	1.879756496598227E-3
Q5JTH9-2;Q5JTH9-3;Q5JTH9;A0A087X1U8;A0A087X0G0	RRP12	RRP12-like protein	5	10	10	10	11	11	11	132.71	1197	22.241617794675548	22.69176822124178	21.334672649675181	22.030122876544901	23.120127744905531	22.578767935007491	23.53207621466996	23.32223625488384	1.06375665183235	0	1.64709125147914	2.719479911021036E-16
Q9NWH9;H7C3F4;Q9NWH9-3;H7BXE3;H0YMM0;H0YL55;H0YLW7;H0YMW8;H0YKH2;H0YNF3;H0YMR6;H0YLE6;H0YKU6	SLTM	SAFB-like transcription modulator	13	10	10	10	12	12	12	117.15	1034	24.78930080248184	24.710985895258041	24.09256940680741	21.895253332232851	24.605294579158709	24.370859250366191	25.296141001620029	25.461139676898071	1.0613312678157161	0.13552923384030399	0.71351000652366359	3.738183976481739E-2
P62805	HIST1H4A	Histone H4	1	12	12	12	65	65	65	11.367000000000001	103	31.51432213156151	32.026866683673241	31.348049450250642	31.623617342332679	32.830793302090747	32.733882975315673	32.321173022478021	32.798306583233803	1.042825068825046	0	2.8535398267800738	0
P23528;G3V1A4;E9PP50;E9PK25;E9PQB7;E9PLJ3;E9PS23;Q9Y281-3;Q9Y281	CFL1	Cofilin-1	9	9	9	9	60.8	60.8	60.8	18.501999999999999	166	25.390541075585801	25.493688855461791	25.428350459770421	25.59212074615213	26.25042767529283	27.30338876606254	26.19460297515797	26.31068696792174	1.038601311866227	0	2.088321918853338	0
P29401;P29401-2;A0A0B4J1R6;E9PFF2;F8W888	TKT	Transketolase	5	12	12	12	27	27	27	67.876999999999995	623	24.629787047548589	24.083508543480441	24.502699260158892	24.464134892591691	25.232204835593521	25.567497048453749	25.466626164219019	25.489621865190429	1.0189550424192719	0	3.499026845940544	0
U3KQK0;Q99880;Q99879;Q99877;Q93079;Q5QNW6;P62807;P58876;P57053;O60814;Q5QNW6-2;Q96A08;A0A2R8Y619	HIST1H2BN	Histone H2B;Histone H2B type 1-L;Histone H2B type 1-M;Histone H2B type 1-N;Histone H2B type 1-H;Histone H2B type 2-F;Histone H2B type 1-C/E/F/G/I;Histone H2B type 1-D;Histone H2B type F-S;Histone H2B type 1-K;Histone H2B type 1-A	13	8	8	2	38	38	6	18.803999999999998	166	31.74073377469605	32.156474660043941	31.64009208684211	32.191664814717377	33.143973757258962	33.19091462534108	32.547152230574333	32.894771729032371	1.0119617514768251	0	2.5910003351068061	0
P07355;P07355-2;H0YMW4;H0YN42;H0YMU9;H0YMD0;A6NMY6;H0YM50;H0YNB8;H0YKS4;H0YNP5;H0YL33;H0YN28;H0YMM1;A0A7I2V4P4;H0YNA0;H0YKX9;H0YMT9;H0YLV6;H0YKZ7;H0YKL9;H0YKV8;H0YMD9;H0YKN4;H0YLE2	ANXA2	Annexin A2;Annexin;Putative annexin A2-like protein	25	21	21	21	60.2	60.2	60.2	38.603999999999999	339	26.452572179093021	26.266923191190671	26.420950939692759	26.57758718024952	27.114260866840361	28.65160756890312	26.93674396065612	26.965101696050858	0.98742015055612242	0	1.249932837430032	0
Q14566	MCM6	DNA replication licensing factor MCM6	1	17	17	17	23.8	23.8	23.8	92.887999999999991	821	23.424703491629671	23.30744208917433	23.069268810803781	23.646253698493929	24.561974040806501	23.736344947279999	24.597131888494431	24.48290000861547	0.98267069877367419	0	2.2199984242495781	0
Q9Y6D9-4;Q9Y6D9;Q9Y6D9-3;C9JKI7;C9JIR0;C9JJ38	MAD1L1	Mitotic spindle assembly checkpoint protein MAD1	6	5	5	5	9.6999999999999993	9.6999999999999993	9.6999999999999993	77.459000000000003	671	22.41033333599837	21.1871474520389	21.073645466111021	21.910147523428911	22.132386763630091	22.575932498396419	22.874364548674819	22.927866918513651	0.98231923790944131	0.62818532599848598	0.90655008907889412	0.62455724764192533
A0A3B3IUD7;Q14690	PDCD11	Protein RRP5 homolog	2	27	27	27	18.600000000000001	18.600000000000001	18.600000000000001	208.83	1872	23.223010050793391	22.83008652134928	22.10200643783228	23.233156215927359	24.439997221856029	23.172417131228659	23.797190502500531	23.88054312360395	0.97547218832171367	0	1.406929548099606	0
Q9H6R4-4;Q9H6R4;A0A0A0MRW6;Q9H6R4-2;Q9H6R4-3;A0A0C4DFX0	NOL6	Nucleolar protein 6	6	6	6	6	7.1	7.1	7.1	127.32	1143	23.56813519091142	23.604446450521738	21.091190350454479	21.97160095756	23.7565400347804	22.84233960026582	23.57646312576118	23.862022070107269	0.95049797036676154	0.39371760886313117	0.62807402633700748	0.13376315196088401
P28799;K7EQ05;P28799-3;P28799-2;K7EQI0;K7EMR1;K7EPL0;K7EKL3	GRN	Granulins;Acrogranin;Paragranulin;Granulin-1;Granulin-2;Granulin-3;Granulin-4;Granulin-5;Granulin-6;Granulin-7	8	3	3	3	6.2	6.2	6.2	63.543999999999997	593	26.63906575174159	27.118920642524671	27.01456913500018	20.343249856611031	26.46153003125394	26.934046072930421	25.71056557549371	25.799860238096969	0.94754913297439336	0.12214482368675569	0.22716693442258259	1.469110172617563E-2
Q09028-4;Q09028-3;Q09028-2;Q09028;H0YEU5;H0YCT5;H0YF10;H0YDK2;Q5JP02;C9JPP3	RBBP4	Histone-binding protein RBBP4	10	7	7	4	28.7	28.7	22.1	43.481000000000002	390	24.78706001242605	25.165188246083879	24.875255520921272	21.248524297441829	24.97722995484979	24.987545067038951	25.083711417082071	24.813918159341839	0.94659413035990647	0.28415159604614182	0.45941193206609438	2.1175582985623262E-3
Q92620;H3BV01;H3BQT9;J3KRT1;Q92620-2;J3KTG2	DHX38	Pre-mRNA-splicing factor ATP-dependent RNA helicase PRP16	6	4	4	4	4.2	4.2	4.2	140.5	1227	21.625071964413749	22.015683555477221	21.176395799603981	21.014934225254098	22.662425864054409	21.945995281080041	22.459189446740439	22.53739473702198	0.9432299460369471	1.004057624544175	1.4801020720673179	1.4437380789177401
O60264	SMARCA5	SWI/SNF-related matrix-associated actin-dependent regulator of chromatin subfamily A member 5	1	14	14	9	13.7	13.7	10.199999999999999	121.9	1052	23.561741028605251	23.432625492983689	23.564302095274709	23.16557930243258	24.63117572321735	23.760606257993309	24.57790406297859	24.423678121976788	0.91727906171745488	0	2.2161551297492852	0
P46776;E9PJD9;E9PLL6;E9PLX7	RPL27A	60S ribosomal protein L27a	4	5	5	5	34.5	34.5	34.5	16.561	148	28.056413632577591	26.786187653285211	27.607807764410548	27.262754247558981	28.233841918363101	28.16868290503502	28.49754647382202	28.36097531083815	0.88697082755649248	0	1.722958725657614	2.719479911021036E-16
P00338;P00338-3;P00338-4;P00338-5;P00338-2;F5GXY2;F5GXH2;F5GYU2;F5GZQ4;F5H5J4;F5H6W8;F5H8H6;F5GXC7;F5GWW2;F5GXU1	LDHA	L-lactate dehydrogenase A chain	15	11	11	10	33.4	33.4	29.8	36.688000000000002	332	24.901041433920501	25.2092930131091	25.267959084031041	24.47920347405466	25.086346181104989	27.68170606845327	25.317655227997228	25.293442179892349	0.88041316308313355	0	0.6607599233708521	0
Q9UQE7	SMC3	Structural maintenance of chromosomes protein 3	1	14	14	14	14.5	14.5	14.5	141.54	1217	21.951697358720288	22.815795268478961	22.66379434619952	22.689295918192659	23.020642934054159	23.31340565323022	23.445311953918431	23.842205304165589	0.8752457384442458	0	1.8239701276125619	0
A0A7I2V5S2;A0A7I2YQC0;P06748-2;P06748;P06748-3;A0A7I2V433;A0A7I2V2X9;A0A7I2V3U2;A0A7I2V4G8;A0A7I2V3G5;A0A7I2V579;A0A7I2V5J8;E5RI98;E5RGW4	NPM1	Nucleophosmin	14	11	11	11	43	43	43	33.875	305	27.111776117094379	27.2073206181527	26.761798536564839	27.74104732627783	28.258716977622878	27.875079714713412	28.105545455273571	28.018819233937482	0.85905469586439409	0	2.1188594533673362	0
Q9Y5B9;G3V5A4;G3V401;G3V2X0	SUPT16H	FACT complex subunit SPT16	4	17	17	17	21.1	21.1	21.1	119.91	1047	24.398587141013952	24.072101847941511	24.66844399223244	24.849095801041429	25.441929240399109	25.13006272296326	25.337833109934859	25.491549763483999	0.85328651363797547	0	2.4134170358763138	0
Q08945;E9PMD4;A0A0U1RRK2;E9PPZ7	SSRP1	FACT complex subunit SSRP1	4	17	17	17	31.2	31.2	31.2	81.073999999999998	709	24.633228513246351	24.355617253753248	24.425023770250348	24.514606193120841	25.801809976369281	23.96349303312293	25.612483612480119	25.962147430898611	0.85286458062504167	0	0.93058923595510079	1.359739955510518E-16
O94901-9;E9PHI4;O94901;O94901-8;O94901-5;H0Y742;O94901-6;H0Y6N5;H7C2K3;O94901-3;O94901-7;O94901-2;H7C3X3;H7C019;C9JK55;C9JS54;C9JJU6;C9K051	SUN1	SUN domain-containing protein 1	18	14	14	14	19.5	19.5	19.5	101.93	916	23.458263414866149	23.778964227676681	23.678203809775692	23.792233464085751	24.30354554381876	24.254506197444741	24.7479634784933	24.80936188969854	0.85192804826277069	0	2.688465465052011	0
P61254;J3QRI7;J3QQQ9;J3QQV1;J3QRC4;J3KS10;J3KSS0	RPL26	60S ribosomal protein L26	7	9	9	2	45.5	45.5	11.7	17.257999999999999	145	25.598239960167142	27.014781937573151	26.57292673526398	25.779590522450611	26.153097691632571	27.630759260849999	26.990534391326481	27.57022168579029	0.8447684685361132	0	0.89341378821025919	1.359739955510518E-16
P38159;P38159-2;H3BT71;H0Y6E7;H3BUY5;H3BR27;P38159-3;O75526;H3BNC1;Q8N7X1	RBMX	RNA-binding motif protein, X chromosome;RNA-binding motif protein, X chromosome, N-terminally processed	10	10	10	2	27.1	27.1	5.4	42.331000000000003	391	26.413755358001449	26.116959422470661	26.537211052717371	26.650204185595509	27.188390538292811	27.005174609899111	27.33560311615328	27.550981579922109	0.8405049563705802	0	2.6792284564623561	5.4389598220420729E-16
E9PF10;O75694-2;O75694	NUP155	Nuclear pore complex protein Nup155	3	15	15	15	15.1	15.1	15.1	148.09	1327	23.635665872979789	20.600723234949299	23.709671989190198	23.584628586428739	23.703876544282579	23.512558193470412	23.575886347661751	24.04551905174668	0.8267876134033495	0.27457729674209158	0.4914568818582265	1.4437263291678061E-2
Q9BQ39	DDX50	ATP-dependent RNA helicase DDX50	1	10	8	8	20.2	16.600000000000001	16.600000000000001	82.563999999999993	737	23.513401839564889	22.65414388473436	23.12226243586106	23.231194221821081	24.198055298080991	23.54415697602289	23.901593908413169	24.130848290660801	0.81341302279911787	0	1.8965798481007961	2.719479911021036E-16
O43707;H7C144;F5GXS2;O43707-2;O43707-3;K7EP19;D6RH00;M0QZQ3;C9JY79;Q9H254-2;Q9H254-4;Q9H254	ACTN4	Alpha-actinin-4	12	36	21	21	52.9	34.4	34.4	104.85	911	20.854603623064381	21.35622197422262	23.08250186852867	24.73288245684828	21.693577136733271	27.173599371246901	22.461014741194081	21.936836204522521	0.80970438275820678	0.1073538600648498	0.2054248118595238	3.6206489166837809E-2
F5H8D7;P18887;M0QZ96;M0R0D2;M0R1U8;M0QYS5	XRCC1	DNA repair protein XRCC1	6	6	6	6	12.3	12.3	12.3	66.013000000000005	602	22.162232728624161	22.387557143546129	21.497246906163401	22.746950263832261	23.308831165962641	22.448743459358699	23.186359110244201	23.066545165045071	0.80412296461116262	0.1763729380674382	1.1623206075353909	0.32147257090999698
B5MCF9;O00541-2;O00541;B3KXD6;H7C267;H7BYY8	PES1	Pescadillo homolog	6	11	11	11	20.3	20.3	20.3	66.076999999999998	571	23.7222363624489	23.757761105560771	23.548631913212361	23.467123902723479	24.398978486477059	24.072183644967229	24.595596229044322	24.63300673076461	0.80100295182692349	0	2.8159667755454092	0
P36578;H3BU31;H3BTP7;H3BM89	RPL4	60S ribosomal protein L4	4	5	5	5	13.3	13.3	13.3	47.697000000000003	427	24.438602026754129	24.917023459294111	24.921479593510341	24.166453045292162	25.197680445520639	25.458106931863568	25.29298603611339	25.673439992967861	0.79466382040367733	0	2.0061104206173299	0
Q9Y2L1;G3V1J5;Q9Y2L1-2;F2Z2C0	DIS3	Exosome complex exonuclease RRP44	4	17	17	17	22	22	22	109	958	24.097560879003929	23.414932930037519	23.722549074066229	23.919253246890939	24.68677663476879	24.17417107525316	24.694023696087388	24.774597668356659	0.79381823611684865	0	2.1251814062813561	0
Q9Y2X3;H7BZ72;F8WED0	NOP58	Nucleolar protein 58	3	10	10	10	25.1	25.1	25.1	59.578000000000003	529	23.669687858106752	23.902422223664662	23.55964222352031	23.145911006220022	24.39767358855806	24.25947145948836	24.372919246859421	24.40340633174646	0.78895182878514092	0	2.55702840049157	0
O14980;A0A7I2V461;A0A7I2V2Y6;A0A7I2V2S3;A0A7I2V3W6;A0A7I2YQV4;A0A7I2V2H0;A0A7I2V3P3;A0A7I2V6B9;A0A7I2V488;A0A7I2V3N0;A0A7I2V4A3;A0A7I2YQX3;C9JKM9;C9J673;A0A7I2V2C5;A0A7I2V3J1;A0A7I2YQP1;F8WF71;A0A7P0Z4B7;C9IYM2	XPO1	Exportin-1	21	23	23	23	29	29	29	123.38	1071	24.342248868222121	24.40587480961257	24.321479494395831	24.408468652527919	25.326185600467809	24.764610438132589	25.15749898049522	25.36969504887513	0.78497956080307674	0	2.8698176106558781	5.4389598220420729E-16
A0A0U1RRM1;Q8WXI9;A0A0U1RR30;A0A0U1RR34;A0A0U1RRK3	GATAD2B	Transcriptional repressor p66-beta	5	9	9	8	24.1	24.1	22.2	63.461000000000013	577	22.858706508292681	22.86228698617229	23.06779277359658	22.621404446771351	23.440377495558771	23.486648467650831	23.90811550917266	23.696148274986761	0.78027475813403058	0	2.8355661712405951	5.4389598220420729E-16
Q96QV6;P16104	HIST1H2AA	Histone H2A type 1-A;Histone H2AX	2	3	1	0	29.8	17.600000000000001	0	14.233000000000001	131	27.162693727203219	27.272931717653691	27.367280495941831	21.795320889235079	28.214008374330561	27.999755677957509	25.62402366579515	24.809263747178719	0.7622061588070288	0.2871588354398969	0.1804495965204754	4.8426456450668988E-2
P56537;B7ZBH1;A0A0U1RQV5;P56537-2	EIF6	Eukaryotic translation initiation factor 6	4	5	5	5	31.4	31.4	31.4	26.599	245	20.882642454094619	25.0265646412577	24.60206903437118	24.619077230044901	24.642843200374031	24.31879323133932	24.77087315355341	24.423998628285361	0.75653871344593904	0.3029651589569004	0.32241520689513498	3.5884536547001092E-2
Q02413;Q02413-2	DSG1	Desmoglein-1	2	21	21	21	28.1	28.1	28.1	113.75	1049	21.199141482265091	24.187597942009781	24.77097394264392	23.18077116527153	22.505766980626991	27.542667159886999	24.471595838581681	21.8396513001518	0.7552991867642902	0.25623622118323253	0.1953263549340514	5.955677820844496E-2
B9ZVT1;Q8IXT5;E5RJW8;E5RHG1;E5RJ83;E5RJV8	RBM12B	RNA-binding protein 12B	6	10	10	10	15.6	15.6	15.6	102.7	881	23.86900712909566	22.911118378399561	23.0029537000419	22.752462318552741	23.806562208257141	23.460139888194931	24.075125253455312	24.155145575127889	0.74035784973634833	0	1.3353850919298851	0
K7ENG2;P26368-2;P26368	U2AF2	Splicing factor U2AF 65 kDa subunit	3	5	5	5	23.8	23.8	23.8	33.901000000000003	307	25.13253581412506	25.047933326015951	24.85998627071266	25.01864947015758	25.965343941881489	25.47975855840274	25.51782290580438	26.04264162575716	0.73661553770862298	0	2.4669162223250631	0
P13489;H0YCR7;E9PMJ3;E9PLZ3;E9PIM9;E9PMA9;E9PMN0;E9PIK5	RNH1	Ribonuclease inhibitor	8	11	11	11	32.1	32.1	32.1	49.972999999999999	461	25.618993245818341	25.28834623712844	25.53821806633637	25.312401894779271	26.13746931443162	26.032083740673539	26.17829966855944	26.2956681964098	0.72139036900298947	0	3.4786646472229541	5.4389598220420729E-16
Q14974;Q14974-2;J3KTM9;J3QR48;J3QKQ5	KPNB1	Importin subunit beta-1	5	17	17	17	26.8	26.8	26.8	97.168999999999997	876	24.294949936516069	24.16054113908433	23.664054862354121	24.624999769415972	24.663131989161471	24.82721049434598	25.249053542154201	24.866085070910259	0.71523384730035389	0	1.6448211047890731	2.719479911021036E-16
Q96A72;F5H6P7;F5H6N1;F5H3U9;F5H124	MAGOHB	Protein mago nashi homolog 2	5	8	8	1	65.5	65.5	6.1	17.276	148	26.15722911249647	25.95797028363712	26.032062715497151	22.13536616260161	25.87117128968022	25.771502969878739	25.361318420124391	26.132731909739238	0.71352407879756063	8.6129516074009191E-2	0.30106700660271102	1.2678743050946101E-2
P46778;G3V1B3;M0R181	RPL21	60S ribosomal protein L21	3	6	6	6	33.1	33.1	33.1	18.565000000000001	160	28.345788685607729	28.578739147605571	27.916214879042339	27.87607566674156	28.94271194469037	29.14343253491225	28.724684124598522	28.719112042278791	0.70328056687068496	0	1.9166697884945409	0
A0A494C128;O00567;Q5JXT2;H0Y653;H0YDU4	NOP56	Nucleolar protein 56	5	11	11	11	26.6	26.6	26.6	53.05	478	23.450103708306351	23.427263731948241	23.215045911261932	23.313682429258101	23.97945589872073	23.53255188069501	24.235422363502199	24.388834520743359	0.6825422207216576	0	1.891775759640665	0
A0A087X1R1;P53814-5;P53814;P53814-6;A0A087WVP4;P53814-2;H7BZZ8;B5MCI0;C9JGQ0;C9JBH9;H7C372;C9JV14;C9JYU8;A0A096LNK9	SMTN	Smoothelin	14	11	11	11	14	14	14	108.01	1002	23.707461929607941	23.80459427037065	23.398848049784149	20.18505950752985	22.765713435387379	23.595596229044322	23.744374810537831	23.659924488738518	0.66741130160386197	0.48142422901971382	0.26773222484100789	0.13852702621326449
J3KTL2;Q07955;Q07955-3;Q07955-2;J3QQV5;J3KSW7;J3KSR8	SRSF1	Serine/arginine-rich splicing factor 1	7	10	10	9	36.4	36.4	33.6	28.329000000000001	253	25.638126748848649	25.665817537316261	25.100852230439909	24.662262863013929	25.968862926590731	25.610682670495549	26.029937592799079	26.045144060614678	0.64689196772032531	0	1.321166236376786	0
Q16777;Q6FI13;A0A0U1RR32;A0A0U1RRH7;Q99878;Q96KK5;Q9BTM1;P20671;P0C0S8;H0YFX9;Q93077;Q7L7L0;P04908	HIST2H2AC	Histone H2A type 2-C;Histone H2A type 2-A;Histone H2A type 1-J;Histone H2A type 1-H;Histone H2A.J;Histone H2A type 1-D;Histone H2A type 1;Histone H2A;Histone H2A type 1-C;Histone H2A type 3;Histone H2A type 1-B/E	13	6	6	4	53.5	53.5	41.1	13.988	129	31.140107776062539	31.138216676772011	30.934383584931229	31.617631319219591	32.052389628661913	31.887509020613649	31.541901371235308	31.920785648638532	0.64306157804101005	0	1.9165976462515451	2.719479911021036E-16
O43809;H3BV41;H3BND3	NUDT21	Cleavage and polyadenylation specificity factor subunit 5	3	5	5	5	26.4	26.4	26.4	26.227	227	24.159386644338241	24.82929303954062	24.37616938303568	24.667740462930219	25.290668001856179	25.352488820261492	25.000884063864259	24.90843623534424	0.62997189787035524	0	1.846520424168786	0
Q15424;Q15424-4;Q15424-3;Q15424-2;K7ES42;K7EII0	SAFB	Scaffold attachment factor B1	6	12	12	5	16.5	16.5	5.9	102.64	915	24.65845426776907	24.66345777652624	24.567380992220009	24.72982650196867	25.04518573110963	24.90380169313157	25.492222391357661	25.683112628413269	0.62630072638203416	0	1.8159681341985561	0
P31689;P31689-2	DNAJA1	DnaJ homolog subfamily A member 1	2	8	8	8	28	28	28	44.868000000000002	397	25.213340992068499	25.159656109092179	25.380733726136349	24.17432349140045	25.379709659546499	25.212970090701091	25.95167068273577	25.87848653731001	0.62369566289896738	0	0.97277786340430283	1.359739955510518E-16
Q96GQ7;B7Z6D5;A0A087X059	DDX27	Probable ATP-dependent RNA helicase DDX27	3	14	14	14	19.7	19.7	19.7	89.834000000000003	796	23.73882043805548	24.080502673850511	23.21248035484335	23.765268290282101	24.631009152696539	23.778162173428981	24.23439938277799	24.622432596409439	0.61723288707038293	0	1.203718173296348	0
P18124;A8MUD9;C9JIJ5;C9JZ88	RPL7	60S ribosomal protein L7	4	9	9	9	39.9	39.9	39.9	29.225000000000001	248	26.783567406436621	25.510628004984959	26.97967394376623	27.00045430662518	27.395501580196409	27.086487916581358	27.212153771888651	26.913877699453948	0.58342432657683929	0	0.77952908872503512	1.359739955510518E-16
P09874;A0A7I2V3E1;A0A7I2V625;A0A7I2V5E9;A0A7I2V384	PARP1	Poly [ADP-ribose] polymerase 1	5	30	30	30	34.799999999999997	34.799999999999997	34.799999999999997	113.08	1014	26.87302705775091	26.462076349972431	26.496861089905199	26.750470245209812	27.178736569698948	26.947596811011248	27.364277486966721	27.328173350506031	0.55908736883614907	0	2.1839346459068421	0
A0A3B3ITZ9;Q9Y2W1	THRAP3	Thyroid hormone receptor-associated protein 3	2	6	6	6	8.9	8.9	8.9	103.52	910	24.099327903548371	24.200302370402071	23.968335625765821	23.670876640184559	24.94297475257116	23.976836784462709	24.468243186893929	24.778914112347419	0.55703157409359605	0	1.217590747152399	0
O95239;O95239-2;Q2VIQ3;Q5JRK0;H0Y718;J3KPF9;A0A087X011;E9PES4;Q9Y496;Q6ZMV9-3;Q6ZMV9	KIF4A	Chromosome-associated kinesin KIF4A	11	26	26	26	24.4	24.4	24.4	139.88	1232	23.989192127802301	23.845463251311951	23.777560339988739	23.421239944320469	24.51544864280369	24.020049424287851	24.324504157523041	24.292424430329099	0.52974274788005005	0	1.8128284976153239	0
Q9H583;Q5T3Q7;Q6P664	HEATR1	HEAT repeat-containing protein 1;HEAT repeat-containing protein 1, N-terminally processed	3	17	17	17	10.3	10.3	10.3	242.37	2144	22.137492766976759	22.727958666655191	21.284846912532011	24.49832284884231	23.198849663543051	22.724756973004791	22.903121319708049	23.853480895727149	0.5078969142441897	9.92281261674582E-2	0.29008735587014423	3.7959725161930531E-2
A0A590UJK4;A0A590UK01;A0A590UJP7;A0A590UK80;Q13247-3;Q13247;Q13247-2;A0A0D9SEM4;Q08170	SRSF6	Serine/arginine-rich splicing factor 6	9	8	8	7	34.1	34.1	30.1	26.306000000000001	226	26.457559107653111	26.442767754458661	25.87504455090086	25.402007819812649	26.892497236635869	26.435076322958729	26.520193267866858	26.342079281048751	0.503116718921234	0	0.90930773812119592	0
Q9P258	RCC2	Protein RCC2	1	12	12	12	32.799999999999997	32.799999999999997	32.799999999999997	56.084000000000003	522	24.638927701405059	24.803609293858781	24.397151298737569	24.23972554443894	24.93098235538104	24.451487829946672	25.229860299944299	25.459327049395981	0.4980609240569116	0	1.024463915416302	0
A0A7I2V428;C9JLB1;A0A7I2V3F3;H7BY16;P19338;A0A7I2V5M5;A0A7I2V2U7;A0A7I2V699;A0A7I2V349;A0A7I2V506;A0A7I2V2S8	NCL	Nucleolin	11	22	22	22	30.9	30.9	30.9	74.73899999999999	689	27.261230384253171	27.118128551342391	27.219096272088819	27.361017157803129	27.75353383519322	27.460842936933322	27.850968246331782	27.879059404177909	0.49623301428717781	0	2.4294415381221302	0
Q5JRI1;O75494-5;O75494-4;O75494-6;O75494-3;O75494-2;O75494;Q6IQ42;Q8WXF0;R4GMP8	SRSF10	Serine/arginine-rich splicing factor 10	10	5	5	5	35.5	35.5	35.5	20.913	172	25.25817782032944	25.14008582912972	25.885811417510151	25.754630040272481	25.990620946104571	25.838988056156879	25.753202260315181	26.391524708978299	0.48390771607828498	0	1.0901992895887009	0
Q9NQW6-2;Q9NQW6;H7C3S1;H7C1C2;H7C1K5	ANLN	Actin-binding protein anillin	5	16	16	16	19	19	19	120.01	1087	23.970970204731891	22.45824434314952	23.870983230624891	23.438602026754129	23.91369512604939	23.38548117296807	24.216674820385421	24.108848565293499	0.47147496985899312	0.42867147875494788	0.39710514892988907	0.25642121348457492
Q9NR30;Q9NR30-2	DDX21	Nucleolar RNA helicase 2	2	30	30	28	43.4	43.4	40	87.342999999999989	783	26.162655316280791	26.095530145685149	25.954224892510751	25.733477355981631	26.64883371428424	26.135650581498549	26.434201504407088	26.577299044630252	0.46252428359045078	0	1.689524620089119	0
Q08554-2;Q08554	DSC1	Desmocollin-1	2	9	9	9	14.6	14.6	14.6	93.834000000000003	840	22.14709186208988	25.73845969343283	23.197890374953641	22.924318875669691	22.920401597197081	26.117474748570231	24.38916286118058	22.37514965267901	0.44860701337021541	0.14702421022649839	0.15191424347341531	6.5280162266762462E-2
Q9P035;H3BPZ1;H3BS72;Q9P035-2;H3BRL8;H3BMZ1	HACD3	Very-long-chain (3R)-3-hydroxyacyl-CoA dehydratase 3	6	6	6	6	17.7	17.7	17.7	43.158999999999999	362	24.57605940530496	21.097615878535191	24.823716696837991	24.573230194344681	24.187446921906961	23.88259678237192	24.284609505061781	24.46257566039607	0.43665167367847602	7.685728238377014E-2	0.1895524287631718	2.0327264463838091E-2
Q13838-2;Q13838;A0A0G2JJZ9;Q5STU3;A0A140T9X3;F6WLT2;A0A140T9X9;A0A140TA18;F6S4E6;A0A0A0MT12;F6TRA5;F6UJC5;H0Y400;A0A140T996;A0A140T9L4;A0A140T973;A0A140T9K1;F6R6M7;F6QYI9;A0A0G2JJL7;H0YCC6;A0A140T9N3;A0A140T9K2	DDX39B	Spliceosome RNA helicase DDX39B	23	14	14	6	39.299999999999997	39.299999999999997	21	50.678999999999988	443	26.529665745801729	26.17409486114073	26.28721918660219	26.967302436376769	27.05465532030523	26.984136620128329	26.71463227937015	26.938427582087581	0.43339239299246662	0	1.1997795168004479	0
Q14137;Q14137-2;A0A075B729	BOP1	Ribosome biogenesis protein BOP1	3	9	9	9	17.2	17.2	17.2	83.628999999999991	746	24.249017363075279	23.963228423632231	24.308484022131491	24.239871190296501	24.960712209927951	24.125103785949129	24.499661494695399	24.900995384828079	0.43146796906626861	0	1.07095626937261	0
Q9P2N5;U3KPZ7	RBM27	RNA-binding protein 27	2	6	6	5	6.9	6.9	5.8	118.72	1060	22.845712085892369	23.21637879185441	23.249813093305779	22.644164349771199	23.125781725635381	23.441137742392218	23.68602854294965	23.407302000290571	0.42604542261101841	0	1.205288620455691	0
P33992;B1AHB1;B1AHA9;B1AHB2	MCM5	DNA replication licensing factor MCM5;DNA helicase	4	26	26	26	41.8	41.8	41.8	82.284999999999997	734	25.508846321906528	25.483853409267681	25.691949214889519	25.577875258333719	26.278170944623159	25.422491629139088	26.005345966616471	26.255352939355809	0.42470931883427099	0	1.080486215286987	0
A0A7I2YQA8;A0A7I2V5F1;A0A7I2YQQ0;A0A7I2V5D0;A0A7I2V490;P26358;P26358-2;P26358-3;A0A7I2V311;K7ENW7;A0A7I2V5F6;K7ENQ6;A0A7I2V2G5	DNMT1	DNA (cytosine-5)-methyltransferase 1	13	14	14	14	8.9	8.9	8.9	179.16	1577	24.874317640153059	24.242708349600029	24.532016745388191	24.15120177576015	25.057219670985699	24.29284565516155	25.191481275010311	24.952781764411139	0.42352096366681741	0	0.81963766180309683	0
E9PI39;P29692;E9PK01;E9PMW7;E9PL12;E9PPR1;E9PQ49;P29692-2;A0A087X1X7;P29692-3;E9PRY8;E9PN91;E9PIZ1;E9PL71;H0YCK7;E9PQZ1;E9PNW6;E9PKK3;E9PJD0;E9PK72;P29692-4;E9PK06	EEF1D	Elongation factor 1-delta	22	3	3	3	22.1	22.1	22.1	22.49	204	23.569990001986849	24.227658832008139	24.480128496019429	23.878767153586232	23.178417454936579	25.253604862282231	24.86017576863313	24.553093012995632	0.42218665381173182	0	0.37192271426556939	0
P46781;B5MCT8;C9JM19;F2Z3C0;A8MXK4	RPS9	40S ribosomal protein S9	5	10	10	10	39.200000000000003	39.200000000000003	39.200000000000003	22.591000000000001	194	25.865330029657439	26.03344972030462	26.280544527187111	25.280438330842461	26.606113963170039	26.284291789140319	25.88292323144594	26.373599728171051	0.42179152598393088	0	0.80474638080393246	0
Q13148;A0A087WYY0;A0A087X260;G3V162;B1AKP7;K7EN94;A0A0A0N0M3;A0A087WX29;K7EJM5;A0A087WXQ5;A0A087WV68;Q13148-4;A0A087WXV3;A0A087WX67;A0A087WW61;K7EJ99;A0A087WZC9;A0A0A0MSV7;A0A087WZM1;A0A087WYE7	TARDBP	TAR DNA-binding protein 43	20	8	8	8	33.1	33.1	33.1	44.738999999999997	414	25.269850347789369	25.415932305434008	25.49032599969793	25.607243384925251	25.909626880125611	26.048723331245782	26.09900678729511	25.356490657534859	0.40762390458869652	0	1.159908990950151	0
O75131;A0A087WYQ3;A0A087WXR6;E5RHZ0;A0A087WUS8;H0YB26;E7ENV7;Q86YQ8-2;Q9HCH3-2;Q96FN4-2;Q96FN4;Q8IYJ1;Q96A23;O95741;Q9UBL6-2;Q86YQ8;Q96A23-2;Q9HCH3;O95741-2;Q9UBL6	CPNE3	Copine-3	20	5	5	5	10.6	10.6	10.6	60.13	537	23.77625550561924	23.63267399310234	23.757048939876121	24.053247125912421	24.593147169544679	24.40723715860689	23.936968557066759	23.88408851836202	0.40055395976755293	0	1.060673271948799	0
C9JLU1;P52434;P52434-3;P52434-4;P52434-2;P52434-5	POLR2H	DNA-directed RNA polymerases I, II, and III subunit RPABC3	6	7	7	7	68.2	68.2	68.2	16.925000000000001	148	29.182317018933269	28.321522502788898	28.877363526064229	21.088563444179911	27.74033972865135	27.497927102017471	25.88026285258978	27.94503082913074	0.39844850510575353	0.1482962776853603	7.0806591427274315E-2	2.254233985214563E-2
Q15365;F8VTZ0	PCBP1	Poly(rC)-binding protein 1	2	12	12	10	54.5	54.5	45.8	37.497	356	26.58606139520764	26.835691346096471	27.038733325017059	26.571017815213239	27.144624171633321	26.926600761801708	27.251511593481219	27.240089631517431	0.38283056922482223	0	1.5316750780725741	0
P13010;C9JZ81;H7C0H9	XRCC5	X-ray repair cross-complementing protein 5	3	25	25	25	45.8	45.8	45.8	82.703999999999994	732	25.90999303476503	25.554557469991359	25.89843735293649	25.90561598524231	26.27575793582616	25.798501267869678	26.183192993795259	26.530142207107161	0.37974764041576847	0	1.135087520374003	0
B4DY09;Q12905;X6R6Z1;A0A0A0MRL0	ILF2	Interleukin enhancer-binding factor 2	4	8	8	8	33.5	33.5	33.5	38.909999999999997	352	23.790643607829111	24.699064471692552	25.590979418581131	25.58239055942537	23.926510279501141	25.456697820528149	25.693757903599511	26.09665644988268	0.37763609899583273	0	0.23910419732112359	0
Q13151	HNRNPA0	Heterogeneous nuclear ribonucleoprotein A0	1	7	7	7	28.9	28.9	28.9	30.84	305	26.76306583727958	26.65335133778397	26.897583666728281	27.275065224788541	27.77718406655713	27.09838442108612	27.311553347386209	26.888554493936748	0.37165256559646309	0	0.7890555378580727	0
C9JXB8;C9JNW5;P83731	RPL24	60S ribosomal protein L24	3	4	4	4	32.200000000000003	32.200000000000003	32.200000000000003	14.369	121	26.803535393504081	27.081722024570421	26.998303598056211	25.980872602806429	27.460374275843911	27.21103986496864	26.39744511002711	27.267673394772281	0.36802475666869577	0	0.48609762757306851	6.7986997775525911E-17
A0A7P0T870;A0A7P0Z4B9;Q16531;A0A7P0TB30;A0A7P0T965;A0A7P0Z3Z5;A0A7P0TAK7;F5GY55;Q16531-2;F5GZY8;A0A7P0Z4L2;F5GWI0;A0A7P0TAX4;F5H198;F5H2L3	DDB1	DNA damage-binding protein 1	15	13	13	13	15.9	15.9	15.9	118.44	1066	23.598438754771561	23.43479007709702	23.853100111814449	23.140975144084919	24.3837686187304	23.872299129509042	23.657418768951331	23.546513936261039	0.35817409142096679	0	0.7365866290022014	0
P12956;B1AHC9;P12956-2	XRCC6	X-ray repair cross-complementing protein 6	3	29	29	29	49.4	49.4	49.4	69.841999999999999	609	26.521916085781619	26.049325939062371	26.529710420734229	26.673574780190911	26.769259569752741	26.56559545137851	26.770520336276121	27.035905229138908	0.34168834019428468	0	1.064166400563749	0
Q9UQ35;Q9UQ35-2;I3L4D8;I3L1C0;I3L0N7;A0A087X1W1;I3L1I8;I3L182;Q9UQ35-3	SRRM2	Serine/arginine repetitive matrix protein 2	9	13	13	13	6.5	6.5	6.5	299.61	2752	23.35205097143227	23.165425959635019	23.17246291338817	22.83072486059946	23.362656603172649	23.32635706614278	23.443416082112609	23.73882043805548	0.33764637110715162	0	1.2456176902747	0
H0YKD8;P46779;P46779-2;P46779-3;H0YLP6;H0YMF4;P46779-4;P46779-5	RPL28	60S ribosomal protein L28	8	6	6	6	25.9	25.9	25.9	19.071999999999999	170	26.09872575193026	27.15170501672025	25.30730310790733	27.23927030634205	27.004103169047131	27.146858874975411	25.861880130773791	27.121491939549109	0.33433248286139161	0	0.24521038003598811	3.3993498887762962E-17
Q92973-2;Q92973;A0A7P0TBF0;A0A7P0Z4D3;A0A7P0T9C0;Q92973-3;A0A7P0T944;E7EW37;S4R398;O14787-2;A0A075B780;O14787	TNPO1	Transportin-1	12	10	10	10	14	14	14	101.31	890	24.294879843230941	24.153677576298481	24.702714656351429	24.77474845958135	25.153986752842052	24.17752051648954	24.821869331322269	25.055234765777989	0.3206477077424168	0	0.56055593707250595	0
P04792;A0A6Q8PFK8;A0A6Q8PGK1;A0A6Q8PHJ6;A0A6Q8PFE7;A0A6Q8PF43;A0A6Q8PHA6;A0A6Q8PH65;A0A6Q8PGY2;C9J3N8	HSPB1	Heat shock protein beta-1	10	13	13	13	77.099999999999994	77.099999999999994	77.099999999999994	22.782	205	28.60034720851322	28.636855359596652	28.856292014931789	28.72419620563522	29.11736079807303	28.746343274953691	28.89515828923205	29.33875134166685	0.31998072881218681	0	1.1907441911782339	0
P60842;J3KTB5;P60842-2;J3KT12;J3QS69;J3QL43;Q14240-2;Q14240;E7EQG2;J3QR64;J3QLN6;J3KSZ0;J3KS25;J3QKZ9;J3KTN0;J3KSN7;J3KS93;E7EMV8;J3KT04	EIF4A1	Eukaryotic initiation factor 4A-I;Eukaryotic initiation factor 4A-II;Eukaryotic initiation factor 4A-II, N-terminally processed	19	15	15	14	38.700000000000003	38.700000000000003	34.700000000000003	46.152999999999999	406	25.287113480460349	25.147285989280579	25.316723466208519	25.87178231236545	25.45189652097547	25.888717055049639	25.8506464064284	25.688938575847938	0.31432332749664132	0	0.83664777639520116	0
D6R9P3;D6RD18;D6RBZ0;Q99729-3;Q99729-2;Q99729-4;Q99729	HNRNPAB	Heterogeneous nuclear ribonucleoprotein A/B	7	4	4	4	15	15	15	30.302	280	26.256505151092568	26.879351595579589	26.968840959570439	27.135161283531879	26.843739372274129	27.15421859177566	27.122775871554541	27.347563790320251	0.30710965903751841	0	0.67997887227682341	0
P50990-2;P50990;P50990-3;H7C4C8;H7C2U0	CCT8	T-complex protein 1 subunit theta	5	16	16	16	36.5	36.5	36.5	57.645000000000003	529	24.728685334437149	24.96670856725266	24.339465118073701	24.444301132338541	24.980415050516338	24.942348408077422	24.768452100579449	24.991486208397511	0.30088540386717	0	1.0293202650587521	0
Q96KR1;H0Y8W1	ZFR	Zinc finger RNA-binding protein	2	13	13	13	15.9	15.9	15.9	117.01	1074	24.105415571406741	24.251330996993421	23.9826796048972	23.607271609143751	24.068252147021411	24.267851957188611	24.319758106480251	24.48283847725509	0.29800072637605979	0	0.93618106509434018	0
Q93008;Q93008-3;O00507-2;O00507	USP9X	Probable ubiquitin carboxyl-terminal hydrolase FAF-X	4	14	14	14	6.4	6.4	6.4	290.45999999999998	2554	22.86328944227213	23.445817099246039	23.209493822818249	22.83483826927597	22.93845899101489	23.09308545560857	24.04443547798736	23.456760476932619	0.29482544198276273	0	0.46539524904930052	0
P09651;P09651-2;A0A7I2V3R8;F8W6I7;P09651-3;A0A7I2V3W0;A0A7I2V2L6;F8VZ49;A0A7I2YQX9;Q32P51;A0A2R8Y4L2;F8VTQ5;H0YH80;F8W646;A0A7I2V5U9;A0A7I2YQ85;A0A7I2V2R4;A0A7I2V334;A0A7I2V453;A0A7I2V661;A0A7I2V3K5;A0A7I2YQY2;A0A7I2V360;A0A7I2V459;A0A7I2V2M7;A0A7I2V4F8;A0A7I2V520;A0A7I2V5T1;A0A7I2V497;A0A7I2V2Q7;A0A7I2V3W4;A0A7I2V4M0;A0A7I2V3U8;A0A7I2V3C7;A0A7I2YQV3;A0A7I2V2F1;A0A7I2V5N7;A0A7I2V2X1;A0A7I2V5L7;A0A7I2V4E2;F8VYN5;A0A7I2V5P1;A0A7I2V666;A0A7I2V2Z4;A0A7I2V4P7;A0A7I2V5H0	HNRNPA1	Heterogeneous nuclear ribonucleoprotein A1;Heterogeneous nuclear ribonucleoprotein A1, N-terminally processed;Heterogeneous nuclear ribonucleoprotein A1-like 2	46	15	14	14	47.3	44.9	44.9	38.746000000000002	372	28.04697642473824	28.169877762767509	28.453796984482331	28.561362303493141	28.70411408794569	28.355230771819571	28.755190567457049	28.56241811609463	0.28623501695893339	0	0.98157076033043877	1.359739955510518E-16
Q10570;A0A087X101;E9PIM1	CPSF1	Cleavage and polyadenylation specificity factor subunit 1	3	12	12	12	9.8000000000000007	9.8000000000000007	9.8000000000000007	160.88	1443	23.20909217544521	23.142471699667009	23.436951418386471	23.650971081257431	23.9014097737555	23.039842100796751	23.792729935077571	23.835570885607861	0.28251658012038661	0	0.56759277774087658	0
F5GWF6;P78371;F8VQ14;P78371-2	CCT2	T-complex protein 1 subunit beta	4	7	7	7	21.5	21.5	21.5	56.805999999999997	530	23.219410208558539	23.262270371277548	21.268188168360421	23.2756869038456	22.555599258105861	24.434408327580101	22.68897591426364	22.415397242128929	0.26720627250910189	4.7139763567401377E-2	0.1479144785900787	2.076711184072582E-2
A0A0B4J1Z1;C9JAB2;Q16629-3;Q16629-2;Q16629-4;Q16629;F8WEA1	SRSF7	Serine/arginine-rich splicing factor 7	7	6	6	5	43.1	43.1	43.1	15.763	137	27.89324977093046	27.95404735462613	27.849358328365781	27.837978186418191	28.414013538241431	28.055017500997732	27.923657178338171	28.14681033125694	0.25121622712342878	0	1.242521377693695	0
Q92616	GCN1L1	Translational activator GCN1	1	17	17	17	8.6	8.6	8.6	292.75	2671	23.307858952661221	22.953812083271529	23.13594408064327	23.163784170675392	23.54839673592911	23.477907446082291	23.36212147889319	23.17056937205756	0.24939893642768499	0	1.1945965927563029	0
P31943;G8JLB6;E9PCY7;D6RBM0;D6RIU0;D6R9T0;D6RIH9;D6RJ04;D6RDU3;D6RFM3;D6RIT2;D6RAM1;E7EQJ0;E7EN40;E5RGV0;D6RDL0;H0YB39;H0YBG7;H0YBD7;D6RF17;D6R9D3;E5RGH4;H0YAQ2;E5RJ94	HNRNPH1	Heterogeneous nuclear ribonucleoprotein H;Heterogeneous nuclear ribonucleoprotein H, N-terminally processed	24	14	14	9	40.1	40.1	23.8	49.228999999999999	449	27.026015791024079	26.896313739430681	27.05434480732756	27.415787277757339	27.29289829961925	27.340450229099261	27.428462282354381	27.309820067859061	0.2447923158480769	0	1.1076026456186749	0
G5E9W3;Q9UKF6	CPSF3	Cleavage and polyadenylation specificity factor subunit 3	2	5	5	5	8.5	8.5	8.5	73.475999999999999	647	23.895689911260131	23.54415697602289	23.873144431142411	24.069973495815638	24.404056340786919	23.73107038338577	24.209107053268038	24.008384166375009	0.24241328239366669	0	0.64056686369873028	0
A0A7I2V4J2;A0A7I2V5Y7;A0A7I2V535;Q15233;Q15233-2;A0A7I2V4K9;A0A7P0MRW0;A0A7I2V4N2;A0A7I2V464;H7C367;C9JYS8;C9IZL7;C9J4X2;A0A7I2YQK8	NONO	Non-POU domain-containing octamer-binding protein	14	19	18	18	52.6	50.9	50.9	53.817999999999998	468	27.070403512295542	27.429420406275291	26.888670610886461	27.060542404203979	27.249071631353441	27.081620451363719	27.37492657316049	27.68839172405707	0.23624336156836631	0	0.66316603129293583	0
A0A669KB03;A0A669KBB4;A0A669KBK2;H0Y818;A0A669KAW3;P40692;F2Z298;E9PF25;H0Y5L7;P40692-3	MLH1	DNA mismatch repair protein Mlh1	10	2	2	2	5.3	5.3	5.3	57.531999999999996	512	22.237130584944659	22.618046685536569	22.21053461037318	22.079298570230929	22.425798131374311	22.39342592618679	22.482410566116911	22.780044077836159	0.23416706260720821	2.952951812666741E-2	0.65593002688691637	0.2157984817417864
O43143	DHX15	Pre-mRNA-splicing factor ATP-dependent RNA helicase DHX15	1	18	18	18	26.8	26.8	26.8	90.932000000000002	795	25.24601133233017	24.78641202459297	25.220480772090369	25.134338889181279	25.546661118501799	24.901271657337709	25.340586053708389	25.479450204576601	0.22018150398243461	0	0.5741961408139914	0
Q06830;A0A0A0MSI0;A0A0A0MRQ5	PRDX1	Peroxiredoxin-1	3	12	12	9	60.8	60.8	47.7	22.11	199	28.623660944751752	28.86381285415386	28.958506917193361	28.246627535640801	28.770614849364751	28.810600365133642	29.075385419564601	28.915103765771299	0.21977403702362611	0	0.60185208473061957	0
Q96HJ9-2;A0A0A6YYJ8;Q9Y383-3;Q9Y383-2;Q9Y383;B8ZZ12	LUC7L2	Putative RNA-binding protein Luc7-like 2	6	5	5	3	12.4	12.4	8.5	54.222999999999999	458	26.103956072006561	26.607102255549659	26.01273773596882	24.71586314735594	26.024959722577179	25.888020235561171	26.28423882968357	26.111716430482598	0.21731900185588771	0	0.21011780324652529	0
P46087;P46087-4;P46087-2;P46087-3;F5GYR3;F5GWB7;F5H709;F5H5X6;F5H359;F5H8G6	NOP2	Probable 28S rRNA (cytosine(4447)-C(5))-methyltransferase	10	13	13	13	19.100000000000001	19.100000000000001	19.100000000000001	89.301000000000002	812	24.82148011065668	25.029727014199519	24.851528314952219	24.777409842392331	25.215119992498479	24.699699950192361	25.156457782794131	25.273056258930101	0.2160471755535838	0	0.74599063278732503	1.359739955510518E-16
A0A0A0MTB8;Q8NI36	WDR36	WD repeat-containing protein 36	2	16	16	16	22.3	22.3	22.3	99.364999999999995	895	24.241108586789959	23.48861098458789	23.768199673752409	23.50784882694553	24.28347953042725	23.448592241388759	23.98172195797131	24.089905596491271	0.1994828135507021	0	0.34122740343457453	0
P42285	SKIV2L2	Superkiller viralicidic activity 2-like 2	1	10	10	10	12.6	12.6	12.6	117.8	1042	24.152440207117611	24.28340887761787	24.334017896043029	24.57074283835242	24.964418784330618	24.094181446799581	24.432051970797289	24.604107059410769	0.18853736055183751	0	0.4149842345329296	0
P01857;A0A0A0MS08;A0A0A0MS07	IGHG1	Ig gamma-1 chain C region	3	15	15	5	49.7	49.7	23.6	36.104999999999997	330	34.621075224671593	34.890755496169056	34.64629705135598	34.064068298952677	34.368930530768601	34.720235929695271	34.837707565519551	34.958221682583982	0.16572490935451609	0	0.32587665226370721	0
P21333-2;P21333;Q60FE5;A0A7P0NMY4;A0A087WWY3;A0A7I2V3E6;F8WE98;H0Y5C6;H0Y5F3;A0A669KBC6;H7C2E7	FLNA	Filamin-A	11	92	92	85	50.1	50.1	46.8	280.01	2639	27.039779362650538	27.16480475457686	27.094262001535409	27.044477168953591	27.177026201933849	27.03936103860531	27.37898246137091	27.38697799213244	0.1597561015815252	0	0.91022940456703438	0
H0YA96;H0Y8G5;Q14103-4;Q14103-3;Q14103-2;Q14103;D6RAF8;D6RF44;D6RBQ9;D6RD83	HNRNPD	Heterogeneous nuclear ribonucleoprotein D0	10	8	8	8	40	40	40	23.811	210	26.518978568763242	27.023797153710959	27.083346224056228	26.96146311898751	26.716334265640558	26.914334031907821	27.119118597387889	27.460374275843911	0.15564402631556359	0	0.32332410298359582	0
P62937;F8WE65;C9J5S7;P62937-2;A0A7I2V5J5;A0A7I2V4V1;E5RIZ5;A0A7P0S768;P0DN26;A0A0H2UH34;A0A0B4J2A2;A0A075B767;A0A075B759;Q9Y536;F5H284	PPIA	Peptidyl-prolyl cis-trans isomerase A;Peptidyl-prolyl cis-trans isomerase A, N-terminally processed;Peptidyl-prolyl cis-trans isomerase	15	11	11	11	66.099999999999994	66.099999999999994	66.099999999999994	18.012	165	29.416512270394829	29.411449858880491	29.37322633304429	30.000481170203489	29.885953930182119	29.631158373018721	29.25700895450678	29.991183425621401	0.140908762701482	0	0.26044620503951932	0
P26641;P26641-2	EEF1G	Elongation factor 1-gamma	2	8	8	8	20.399999999999999	20.399999999999999	20.399999999999999	50.118000000000002	437	24.45744951784404	24.079119496027221	24.039089062915771	24.615714041698709	23.89532010797944	24.971759641162471	24.344417825234292	24.512075888395831	0.1330503360715731	0	0.1993353648995965	0
P08621-2;P08621;P08621-3;P08621-4;M0QYR1	SNRNP70	U1 small nuclear ribonucleoprotein 70 kDa	5	7	7	7	18.899999999999999	18.899999999999999	18.899999999999999	50.616999999999997	428	24.480991315070838	23.707883154440399	24.07944506895743	24.77389376750725	24.92587674445215	23.970619205389269	24.190012116149891	24.459889832723139	0.12604614818463489	0	0.15550850888098941	0
Q15366-2;Q15366-6;Q15366-3;Q15366;Q15366-7;Q15366-8;Q15366-5;Q15366-4;H3BRU6;F8VZX2;F8VXH9;F8W0G4;F8W1G6;J3QT27;H3BSS4;P57721;P57721-4;E9PFP8;P57721-5;P57721-3;P57721-2;F8VRH0;H3BND9	PCBP2	Poly(rC)-binding protein 2	23	9	7	7	39.1	30.6	30.6	38.651000000000003	366	25.773315306206129	26.11854445343748	26.177235355685418	26.338139252119749	26.280243617238899	26.146140261086131	26.130730482771931	26.334205486048319	0.1210213699241187	0	0.41511298680819159	0
P39023;G5E9G0;B5MCW2;H7C422;F8WCR1;H7C3M2;Q92901	RPL3	60S ribosomal protein L3	7	8	8	8	23.1	23.1	23.1	46.107999999999997	403	25.60983770441722	25.71858304309761	25.655727673668839	25.509933712228129	25.989755164555572	25.61893725361772	25.34228278326475	26.02523437474985	0.1205318606940189	0	0.30046013535800531	0
P31942-2;P31942;P31942-3;P31942-4;P31942-6;P31942-5	HNRNPH3	Heterogeneous nuclear ribonucleoprotein H3	6	7	7	7	28.7	28.7	28.7	35.238	331	25.26920830978495	25.475682971533651	25.753890830627331	26.14285338460072	25.711957415947651	25.591521661760851	25.982897163301089	25.756692725158999	0.1003583674054838	0	0.1915477335042782	3.3993498887762962E-17
Q9UKM9;Q5QPL9;Q9UKM9-2;Q5QPM1;Q5QPM0;Q5QPM2	RALY	RNA-binding protein Raly	6	8	8	8	27.5	27.5	27.5	32.463000000000001	306	25.516470956499589	25.90111050480332	25.398521906448099	25.449442636368222	25.378089489617359	26.212302227851001	25.550130267850822	25.52187116883044	9.9211787507602622E-2	0	0.1768628774511668	0
Q9H0D6-2;Q9H0D6	XRN2	5-3 exoribonuclease 2	2	14	14	14	18.8	18.8	18.8	99.96	874	24.042599881712921	23.887904066251359	23.97867066357885	23.655236339005022	23.861548884678481	23.651737569476001	24.080665313503559	24.324504157523041	8.8511243658242478E-2	0	0.21023049558084009	0
P68363;P68363-2;C9JDS9	TUBA1B	Tubulin alpha-1B chain	3	22	22	0	69.2	69.2	0	50.151000000000003	451	28.798970875051719	28.453404531869559	29.016934797624131	29.204851326333301	29.185179721271339	28.99129156962211	28.682175074159758	28.915816116318979	7.5075237623376978E-2	0	0.14923446638121679	0
P62701;C9JEH7;P22090;Q8TD47	RPS4X	40S ribosomal protein S4, X isoform	4	16	16	16	54.8	54.8	54.8	29.597000000000001	263	26.830865063964339	26.56364770957623	26.568555630528159	26.37198929008094	26.824688045160091	26.531942405338562	26.68498591105195	26.512739016312139	5.4824420928266449E-2	0	0.1792791023083814	3.3993498887762962E-17
B4DY08;G3V4C1;G3V4W0;P07910-2;B2R5W2;P07910-4;P07910-3;G3V3K6;G3V5X6;G3V251;A0A0G2JPF8;B7ZW38;B2RXH8;O60812;B4DSU6;G3V2D6;P0DMR1;A0A0G2JNQ3;G3V5V7;G3V4M8;G3V2H6;B3KT61;E5RG71;Q86SE5;Q86SE5-3	HNRNPC	Heterogeneous nuclear ribonucleoproteins C1/C2;Heterogeneous nuclear ribonucleoprotein C-like 3;Heterogeneous nuclear ribonucleoprotein C-like 2;Heterogeneous nuclear ribonucleoprotein C-like 1;Heterogeneous nuclear ribonucleoprotein C-like 4	25	14	14	1	42	42	6.2	31.971	288	27.596833416037601	27.414820053826439	27.55691212689716	27.342994815050631	28.003030931880801	27.58992288609825	27.385168454215641	27.14753831558313	5.352504399149538E-2	0	0.1031627359909499	1.6996749443881481E-17
Q8WXF1;Q8WXF1-2;X6RDA4	PSPC1	Paraspeckle component 1	3	6	6	6	14.5	14.5	14.5	58.743000000000002	523	24.830792546683629	24.273981086276621	24.135317876937101	24.704087696136721	24.613355136212789	24.577731226482069	24.466190502116689	24.48111453282219	4.8553047899915207E-2	0	0.1047253927203739	1.6996749443881481E-17
A0A087WUZ3;Q01082-3;Q01082-2;Q01082;F8W6C1	SPTBN1	Spectrin beta chain, non-erythrocytic 1	5	11	11	10	4.8	4.8	4.3	274.83	2366	22.154991119259108	22.588499627846719	22.121804138923949	22.256091180919992	22.837633651947051	23.013472562987179	21.645792102898369	21.799069720246571	4.3645492782352108E-2	4.9547673604572122E-2	3.9489423083084382E-2	4.4081256297102113E-2
Q07065	CKAP4	Cytoskeleton-associated protein 4	1	14	14	14	29.9	29.9	29.9	66.021999999999991	602	23.980502214522101	24.245757525036481	24.033386703551589	24.076430712239912	24.01707820746601	24.293126403406831	24.08820788001627	24.078386688190939	3.5180505932491002E-2	0	0.16324653997947011	0
Q92769-3;Q92769	HDAC2	Histone deacetylase 2	2	10	10	5	30.6	30.6	15.7	51.997999999999998	458	25.667009511504791	25.397902030910771	25.3283445801117	25.40334131473206	25.532195145879861	25.013078637445091	25.497653059839639	25.863606111427959	2.748387933330676E-2	0	5.063855914519181E-2	0
Q9Y263;E5RIM3;H0YBW4;H0YC16;H0YAU9	PLAA	Phospholipase A-2-activating protein	5	15	15	15	27.4	27.4	27.4	87.156000000000006	795	24.102535141107541	23.86683971721536	24.027661715717951	23.76971357263653	24.054241288148319	23.683674868649369	24.07651226420516	24.058211100442339	2.6472343691949621E-2	0	7.8569666487811718E-2	0
P61978-3;Q5T6W2	HNRNPK	Heterogeneous nuclear ribonucleoprotein K	2	21	21	1	54.1	54.1	2.7	48.561999999999998	440	29.08212824589955	29.357225083091691	28.527646484308729	28.624358404296821	28.859079889614051	28.747624218893371	29.042860762175259	29.046716287511671	2.623073514939378E-2	0	4.3848487153369968E-2	0
P30041	PRDX6	Peroxiredoxin-6	1	12	12	12	69.2	69.2	69.2	25.035	224	26.327196953499691	26.06757534053293	26.195429282511778	26.044602234624069	26.333608524073139	25.976334244100951	26.071406385912891	26.357665559034999	2.605272548837689E-2	0	8.1618055048863797E-2	0
O94776;O94776-2;E9PCS8;H0Y4T7	MTA2	Metastasis-associated protein MTA2	4	12	12	11	22.3	22.3	20.8	75.021999999999991	668	24.258681040071259	24.414932930037519	24.059614460247161	24.222287852095128	24.491060382529209	24.010349167474711	24.408079873264612	24.14639278783774	2.509148216380197E-2	0	6.6893815156537736E-2	0
A0A7I2V659;A0A087WVQ9;Q5VTE0;P68104;A0A7I2V5N4;A0A7I2V3H3;A0A087WV01;Q5JR01;A6PW80;A0A6Q8PFK6	EEF1A1	Putative elongation factor 1-alpha-like 3;Elongation factor 1-alpha 1;Elongation factor 1-alpha	10	14	14	6	44.9	44.9	22.4	49.823999999999998	459	28.133202430493821	28.193945347087698	28.498650019043929	28.035852804674761	28.031442334906689	28.530328282074318	28.182293336553681	28.212060979154039	2.3618582847127811E-2	0	5.7605361819794268E-2	0
Q9Y3U8;J3QSB5;J3KTD3	RPL36	60S ribosomal protein L36	3	5	5	5	30.5	30.5	30.5	12.254	105	25.231362706619912	25.160848848382908	25.019498089364362	25.224423923564199	25.631841813048378	25.149458431065941	24.974519271812959	24.85229061214158	-7.0058599656306342E-3	0	1.327517126593012E-2	0
P23246;P23246-2;H0Y9K7;H0Y9U2	SFPQ	Splicing factor, proline- and glutamine-rich	4	21	21	20	35.799999999999997	35.799999999999997	34.700000000000003	76.149000000000001	707	28.39100018796147	28.39181966826802	28.350938911852321	28.472471521334811	28.396236836327621	28.210343236146869	28.496175380226951	28.40482784633668	-2.4661747594628029E-2	0	0.14386161242812259	0
Q15717-2;Q15717;M0QZR9;A0A494C0Q5;A0A0A0MRX1;A0A494C147;B1APY9;A0A494C0F8;A0A494C0M6;A0A494C1D9;A0A0R4J2E6;B1AM48;A0A494C173;M0R055;A0A494C015;A0A494C011;Q12926-2;P26378-2;P26378-4;P26378-5;P26378-1;P26378-3;P26378;Q12926	ELAVL1	ELAV-like protein 1	24	8	8	8	22.4	22.4	22.4	38.996000000000002	353	25.529903996123831	25.81697210380381	25.691257057751461	26.328087728081549	25.411672090141739	25.9684674690413	25.896152032101039	25.979521315694701	-2.7601994695473309E-2	0	4.3863070415242809E-2	0
J3KTA4;P17844;P17844-2;A0A0G2JLI4;A0A7I2V507;A0A7I2V2S0;A0A7I2V5F5;J3QRQ7;J3KRZ1;J3QSF1;J3KTQ4;J3QR02;X6RLV5;J3QRN5	DDX5	Probable ATP-dependent RNA helicase DDX5	14	27	27	19	45.6	45.6	31.8	69.085999999999999	614	28.326845631542589	28.176740943397888	28.13750840179506	28.320059497670979	28.39083623602756	27.743874251332819	28.245857240369901	28.445454043919899	-3.3783175689080742E-2	0	7.2388016917508402E-2	0
Q96PK6;Q96PK6-2;A0A0A6YYI9;F8WDX3;A0A0A0MSL8;B8ZZ74;Q96PK6-3;Q96PK6-4	RBM14	RNA-binding protein 14	8	23	23	19	38.299999999999997	38.299999999999997	31.4	69.491	669	25.99862640880696	26.166318952474981	25.69675851280407	25.255442989042869	25.39610615151021	25.535877158850141	25.97685863007321	26.056103497853702	-3.8050356210408857E-2	0	5.1917742668747158E-2	0
P43358;C9JZJ5;C9J9C2;C9JK50;C9JIR1;P43362	MAGEA4	Melanoma-associated antigen 4	6	6	6	3	18.3	18.3	8.1999999999999993	34.899000000000001	317	24.167984650129348	23.903985522775152	24.34543340242212	24.386073506881541	24.467559283093081	22.642357410006341	24.713085659178379	24.811274335606459	-4.2300098580973611E-2	5.9932294395489062E-2	3.585367940850339E-2	2.296379529992169E-2
P18077;F8WBS5;F8WB72;C9K025	RPL35A	60S ribosomal protein L35a	4	5	5	5	37.299999999999997	37.299999999999997	37.299999999999997	12.538	110	29.305999506986531	29.668646869637922	29.729635289687241	29.210412914168039	29.67846912497302	29.472258461631402	29.348260555758898	29.17107163172302	-6.1158701598344578E-2	0	0.13795833448725731	0
P25398	RPS12	40S ribosomal protein S12	1	5	5	5	50.8	50.8	50.8	14.515000000000001	132	22.570565636463151	25.946392483520341	26.717903549741141	27.161348736057501	25.72439789881415	25.87811229734918	25.48074484799227	25.064227661362288	-6.218192506606357E-2	0.12981512799325151	3.6996850410949571E-2	3.3840309012260483E-2
P51571;A6NLM8	SSR4	Translocon-associated protein subunit delta	2	5	5	5	36.4	36.4	36.4	18.998000000000001	173	27.70668497375976	27.81139684187248	28.10644433071753	22.287396913525711	26.675729664894579	26.346803298583431	26.249379113043538	26.366930466815589	-6.8270129134586924E-2	0.29982160906820138	6.0872038553746961E-2	6.7808617034166532E-2
P22626;A0A7I2V4I6;A0A7I2V323;P22626-2;A0A7I2V4N1;A0A7I2V3P1;A0A7I2V3P7;A0A7I2V4S4;A0A087WUI2;A0A024RA28;A0A7I2V4N0;A0A7I2YQN4	HNRNPA2B1	Heterogeneous nuclear ribonucleoproteins A2/B1	12	19	19	18	59.5	59.5	59.5	37.429000000000002	353	29.39188111053037	29.401678321753771	29.618016570246319	29.749159851857129	29.51067704564257	29.400925482121249	29.541670632323839	29.434082169857131	-6.8345131110703505E-2	0	0.30977392959755989	0
P68371;Q3ZCM7;M0R2D3;M0QY85;M0QZL7;M0R0X0;M0QY37;M0QX14;M0R2T4;A0A075B724	TUBB4B	Tubulin beta-4B chain	10	20	20	1	61.8	61.8	2.7	49.83	445	27.602861941805749	27.493734658454841	27.732468469244481	27.949323489064881	27.524698209125511	27.744066794657741	27.541707553029681	27.688325020631449	-6.9897745281391366E-2	0	0.25554598110576859	0
P35637;P35637-2;H3BPE7	FUS	RNA-binding protein FUS	3	7	7	5	19.2	19.2	17.5	53.424999999999997	526	26.274603232580152	26.116424081236499	26.3582191094868	26.648559463729111	26.353179004302849	25.630842562941631	26.377311823320792	26.722340607186169	-7.853297232027856E-2	0	0.114290458188737	0
Q5JP53;P07437;Q5ST81;A0A075B736;Q5SQY0;A6NNZ2;CON__ENSEMBL:ENSBTAP00000025008;Q9H4B7;G3V2A3;G3V5W4;G3V2R8;G3V3R4;G3V2N6	TUBB	Tubulin beta chain	13	20	5	4	64.099999999999994	20.2	16.7	47.766000000000012	426	27.613088112303899	27.317603479237739	27.766924243134831	27.925808849193221	27.80845381654408	27.349927204208559	27.445138269354281	27.685052769037501	-8.3713156181314474E-2	0	0.19758647791573519	0
A0A7P0Z4F9;P55265-5;P55265;P55265-4;A0A7P0Z4K3;A0A3B3IRQ9;P55265-3;P55265-2;A0A3B3ISU1;A0A3B3ISX1;A0A3B3ITG9;A0A7P0TA14	ADAR	Double-stranded RNA-specific adenosine deaminase	12	14	14	14	20.5	20.5	20.5	101.54	912	24.01571789617104	23.860696759609048	24.27376771719527	22.881106328229791	23.82938982898354	22.777740916383621	23.92388382118537	24.15715199808103	-8.5780534142900919E-2	0.2053181673522935	0.16412465289513239	0.2471097657198735
P62081;B5MCP9;A0A2R8Y623	RPS7	40S ribosomal protein S7	3	6	6	6	36.6	36.6	36.6	22.126999999999999	194	27.69644016006027	27.239634508310751	26.986851004825361	26.884368047224111	27.541486014620489	26.953825401542471	26.905524177167379	27.061263725977959	-8.6298600278052362E-2	0	0.1408244616800067	0
B4DUR8;P49368-2;P49368;Q5SZX6	CCT3	T-complex protein 1 subunit gamma	4	10	10	10	27.8	27.8	27.8	55.673999999999999	500	24.70503749722937	24.59440069612036	24.638541090171149	24.28079228826244	24.6369936083669	24.730500404193659	24.191820099310711	24.29010549281664	-9.2337991773856487E-2	0	0.2310793522706597	0
P61026;A0A2R8YDI9;H0YLJ8;H0YL94;G3V196;A0A2R8YFB8;P59190-2;P59190	RAB10	Ras-related protein Rab-10	8	8	8	6	40.5	40.5	31.5	22.541	200	27.33858134284019	27.402918632702701	27.426304174186971	26.889134985249811	27.20787911678832	26.963448934911359	27.168826340224541	27.342825315544971	-9.3489856877621236E-2	0	0.25730774694291519	0
A0A1X7SBZ2;A0A5H1ZRQ2;Q92841;Q92841-1;Q92841-3;Q92841-2;A0A0U1RQJ0	DDX17	Probable ATP-dependent RNA helicase DDX17	7	25	17	17	41.3	29.6	29.6	80.253	729	25.950158237130111	25.62900880491528	26.010882673031791	25.961904647695128	25.947552224212689	25.333608524073139	25.750086838632491	26.094100887565631	-0.10665147207209461	0	0.23016408386450279	0
O15213;H0Y6G3;A0A140T9L0;A0A0G2JJL1	WDR46	WD repeat-containing protein 46	4	6	6	6	13.3	13.3	13.3	68.069999999999993	610	23.246178095671461	23.15098494093159	23.559992236471171	23.27426552930611	22.508201417782178	22.410237242601909	23.72014988433428	24.15807709913285	-0.1086887896322774	0.1131434092562066	8.4048478380427616E-2	8.3567678002332765E-2
P62266;D6RD47;D6RDJ2;D6RIX0;D6R9I7	RPS23	40S ribosomal protein S23	5	7	7	7	49	49	49	15.807	143	29.61876926397607	30.019296587496669	29.454012787922469	29.486598603350242	29.375340962087911	29.680985512691311	29.11998433069401	29.939156541643349	-0.1158024739072161	0	0.20857194837581569	0
P52597;A0A1B0GW42	HNRNPF	Heterogeneous nuclear ribonucleoprotein F;Heterogeneous nuclear ribonucleoprotein F, N-terminally processed	2	12	10	10	46	39.5	39.5	45.671000000000006	415	26.67370955482232	26.15245954917491	26.71437025702274	26.77379318220142	26.381790065221349	26.3906230706549	26.5737069296889	26.504670383181629	-0.11588552361865111	0	0.3265649002336366	0
I3L4N8;P63261;A0A6Q8PFE4;I3L3I0;I3L1U9;K7EM38;I3L3R2;J3KT65;P63267-2;A5A3E0;A0A2R8YEA7;A0A2R8YFE2;F8WCH0;A0A7P0TBL1	ACTG1	Actin, cytoplasmic 2;Actin, cytoplasmic 2, N-terminally processed	14	19	19	1	65.5	65.5	4.8	38.975000000000001	351	29.376873167020111	29.3391762511156	29.125808324331292	29.39357997627009	28.625961282800979	30.66949188520762	28.77846926249816	28.69484734174678	-0.1166669866208849	0	8.4957996519046189E-2	0
P14923;C9JTX4;C9J826;C9JK18;C9JKY1;C9JPI2;K7ERP3	JUP	Junction plakoglobin	7	23	23	20	43.4	43.4	38.700000000000003	81.744	745	23.55344461827157	24.52647535958511	24.473888536004509	24.3509051996921	22.763853094755511	28.359300436128621	23.438221284713421	21.784606092579651	-0.13968320134401799	7.7875441085817468E-2	3.2462785167319888E-2	1.8178713018536359E-2
A0A087WXM6;J3QQT2;J3KRX5;A0A0A6YYL6;P18621;P18621-3;J3KRB3;A0A087WWH0;J3QS96;J3QLC8;A0A0A0MRF8;P18621-2;A0A087WY81;J3KSJ0	RPL17	60S ribosomal protein L17	14	6	6	6	35.5	35.5	35.5	19.585999999999999	169	26.686055267195329	26.591778442676731	26.80045284235295	26.814089351213521	26.712928282848829	26.240599199112921	26.649793180880451	26.698163731053441	-0.14772287738572129	0	0.55519080325373471	0
Q9H0A0;Q9H0A0-2;A0A087WV29;E9PMU0;E9PJN6	NAT10	N-acetyltransferase 10	5	21	21	21	24.6	24.6	24.6	115.73	1025	24.986807614848338	24.540909855496391	24.506578289619121	24.948688757355882	24.83951675356089	24.095147806896598	24.60008485713518	24.825901311601871	-0.15558344703130439	0	0.30192277555974562	0
P62277;J3KMX5;E9PS50	RPS13	40S ribosomal protein S13	3	7	7	7	43	43	43	17.222000000000001	151	28.869530824332639	28.938147114923471	27.469641072062029	28.836654668085949	28.783192696671069	28.63422611271508	27.25691900251368	28.7968069402814	-0.16070723180571281	0	0.116441634613213	0
P81605;P81605-2	DCD	Dermcidin;Survival-promoting peptide;DCD-1	2	4	4	4	35.5	35.5	35.5	11.284000000000001	110	27.341553434090031	25.212116655511	28.25795311197566	26.098926497062688	27.56696021009315	29.57280750173064	26.270884141737461	22.843871158407499	-0.16400667166765831	0.18269397890771971	3.7126535342392027E-2	3.4836725673367513E-2
E7ETK0;A0A2R8Y849;A0A2R8YD14;P62847-2;P62847-3;P62847;P62847-4;A0A2R8Y8A0	RPS24	40S ribosomal protein S24	8	5	5	5	35.9	35.9	35.9	15.196999999999999	131	28.82726501785362	28.77004767793526	28.099638916774708	27.703058038824771	28.53552866118865	28.5179955636339	27.316740726526419	28.372728322496801	-0.164254094385651	0	0.1581843527402079	0
B5MDF5;P62826;J3KQE5;F5H018;H0YFC6;B4DV51;A0A087X0W0	RAN	GTP-binding nuclear protein Ran	7	15	15	15	47.6	47.6	47.6	26.224	233	29.693003450702751	29.661189312877209	29.82242561292524	29.231669408320791	29.482238408920001	29.252030682490719	29.35890236748331	29.619941283752791	-0.17379376054479681	0	0.53300412072527936	0
V9GYY3;F5H2F4;P11586;V9GZ78;A0A494C1T2	MTHFD1	C-1-tetrahydrofolate synthase, cytoplasmic;Methylenetetrahydrofolate dehydrogenase;Methenyltetrahydrofolate cyclohydrolase;Formyltetrahydrofolate synthetase;C-1-tetrahydrofolate synthase, cytoplasmic, N-terminally processed	5	13	13	13	16.8	16.8	16.8	99.718999999999994	922	24.108370033018371	23.971671947332641	24.619916803524529	23.91888943525343	24.088046088489691	23.875396150464141	24.003760139849561	23.929493203175841	-0.18053815928743691	0	0.4944881857821572	0
O95347;O95347-2;A0A0C4DGE5;Q5T821	SMC2	Structural maintenance of chromosomes protein 2	4	15	15	15	14	14	14	135.65	1197	24.0604393287893	24.028083445394699	24.132888767042019	24.187446921906961	24.259399621069772	23.30619077551539	23.876145943265211	24.242781023959211	-0.18108527483085271	0	0.34319196159222698	6.7986997775525911E-17
P46060;H0Y4Q3;B0QYT5;B0QYT4	RANGAP1	Ran GTPase-activating protein 1	4	4	4	4	8.5	8.5	8.5	63.540999999999997	587	22.420494836848309	23.224158927943879	22.920980100392029	22.54165438691393	22.78049964660072	22.0768547321277	22.435303522507759	23.08638702011611	-0.18206083268646839	0.36501192304705993	0.4964492938645475	0.52034418331465837
P26599-3;P26599-2;P26599;A0A0U1RRM4;A0A7I2V621;A6NLN1;A0A6Q8PEX4;A0A7I2V4H6;K7EKJ7;A0A0D9SF20;K7ELW5;K7ES59;K7EK45;A0A087WU68;A0A087WUW5;O95758-1;O95758-6;O95758-2;O95758;O95758-5;O95758-4;O95758-7;X6R242	PTBP1	Polypyrimidine tract-binding protein 1	23	18	18	18	52.6	52.6	52.6	59.631999999999998	557	26.927053088201681	26.88820608700226	26.578451241988802	26.860294192194932	27.003995981184161	26.391688582695309	26.315428353482869	26.760530121641491	-0.19559039259595681	0	0.49694824988677211	6.7986997775525911E-17
O75643;A0A494C1A5;O75643-2	SNRNP200	U5 small nuclear ribonucleoprotein 200 kDa helicase	3	47	47	47	29.6	29.6	29.6	244.5	2136	26.924110428433281	26.847447948159939	27.048432327015071	27.105195741297791	27.012865583462439	26.35210149923337	26.8029194099582	26.945700655827391	-0.20289982410617571	0	0.60007741011440874	0
P12270;P12270-2;Q5SWX9	TPR	Nucleoprotein TPR	3	20	20	20	9.9	9.9	9.9	267.29000000000002	2363	24.44625895636424	24.374711043869979	24.118148358923051	24.152517573790949	23.817826051054471	24.21955791973312	24.098203683822529	24.104056084834308	-0.21299804837594749	0	0.91921091341182348	1.359739955510518E-16
A0A5F9ZHM4;P07195;A8MW50;A0A3B3IS95;F5H793;C9J7H8;F5H5G7;F5H155;A0A087WUM2;G3XAP5;F5H245;Q6ZMR3;P07864	LDHB	L-lactate dehydrogenase B chain;L-lactate dehydrogenase	13	7	6	6	27.6	24	24	37.293999999999997	341	25.042474642332579	24.350635474046829	25.105735264508901	24.662806128211219	24.103976075126781	24.767997700485822	24.683192961863359	24.750265774382001	-0.2140547493103995	0	0.3965501090584298	0
P62829;J3KT29;J3KTJ3;C9JD32;B9ZVP7;J3QQT9	RPL23	60S ribosomal protein L23	6	5	5	5	51.4	51.4	51.4	14.865	140	27.98901884150807	27.55559633278812	27.8179358076098	27.72767308985631	27.637062727784372	27.808576562538189	27.05154717897905	27.701472514304839	-0.222891272038968	0	0.53684167775184533	0
Q71U36;Q71U36-2;F8VQQ4	TUBA1A	Tubulin alpha-1A chain	3	22	2	0	69.2	6	0	50.134999999999998	451	25.492252957901961	24.97368755804413	25.319103440157971	25.697925205543481	25.424831611610301	25.246047586870262	25.13159418397602	24.757150699357091	-0.23083626995846979	0	0.50805025104634294	0
P62879;C9JIS1;C9JXA5;E7EP32;C9JZN1;A0A7I2S2S9;Q9HAV0;H7C5J5;A0A6Q8PFW8;A0A6Q8PG88;A0A6Q8PFE0;A0A6Q8PFV8;C9JD14;P62879-2	GNB2	Guanine nucleotide-binding protein G(I)/G(S)/G(T) subunit beta-2;Guanine nucleotide-binding protein subunit beta-4	14	6	6	2	16.8	16.8	5.6	37.331000000000003	340	25.10009026831635	24.614198045291371	24.556078929979169	24.911913823475739	25.49814020995094	23.84412263455728	24.631342274508501	24.278454562855931	-0.23255534629749519	0	0.25464223780110562	0
Q5T4S7-3;Q5T4S7-4;Q5T4S7;Q5T4S7-2;Q5T4S7-5;A0A0A0MSW0;X6RE05;X6R960	UBR4	E3 ubiquitin-protein ligase UBR4	8	11	11	11	2.8	2.8	2.8	571.85	5159	23.012703641390331	23.131915976735179	23.05279952930201	22.18461993020118	22.465201518275709	22.31425944886373	22.688250309133181	22.959731022216999	-0.2386491947847702	0.1932259559383297	0.32089884801874169	0.23650615327881949
P62241;Q5JR95	RPS8	40S ribosomal protein S8	2	9	9	9	46.2	46.2	46.2	24.204999999999998	208	27.859701977154032	27.79631187055891	28.241999582677941	27.916157919686629	27.77064635235174	27.302953182882131	27.8260832135973	27.94609124449703	-0.24209933918732671	0	0.67809556086571832	0
Q13619;A0A0A0MR50;Q13619-2;A0A087WWN2	CUL4A	Cullin-4A	4	11	11	6	15.7	15.7	9	87.679000000000002	759	24.017418084972949	24.214379008896731	23.905271674832591	24.11592821772399	24.226042284477309	23.76070776687925	23.66003333441671	23.631231242450809	-0.24374558955054579	0	0.78752039051526312	0
A0A0G2JIW1;P0DMV9;P0DMV8;P0DMV8-2;V9GZ37	HSPA1B	Heat shock 70 kDa protein 1B;Heat shock 70 kDa protein 1A	5	24	20	10	44.2	39.700000000000003	17.399999999999999	70.108000000000004	642	26.673439992967861	26.30563428754671	26.488503728420859	26.563851328047171	26.079567139866739	26.85614357271691	25.931591111258079	26.136550456397291	-0.25689426418589528	0	0.5407957519191855	0
P40763;A0A7I2YQR5;P40763-2;P40763-3;A0A7I2V3V0;A0A7I2V5N9;A0A7I2V395;A0A7I2YQD2;A0A7I2V4R2;A0A7I2V4R3;A0A7I2V2G1;A0A7I2V444;A0A7I2YQI1;A0A7I2V552;A0A7I2V4C8;G8JLH9;A0A7I2V2T1;A0A7I2V4F6	STAT3	Signal transducer and activator of transcription 3;Signal transducer and activator of transcription	18	10	10	10	21.3	21.3	21.3	88.067000000000007	770	24.667199052993709	23.680137141715999	24.561391439724041	24.52402560659225	24.163922337063202	24.26327378582307	23.842397151910671	24.12044419479513	-0.26067894285848331	0	0.48327298290048942	0
P61353;K7ELC7;K7EQQ9;K7ERY7	RPL27	60S ribosomal protein L27	4	7	7	7	43.4	43.4	43.4	15.798	136	30.600187676197852	30.479234317677591	30.295812681108639	30.332448005606359	30.35762361473876	30.35026451892622	29.685169763057289	30.259121213405411	-0.26387589261568678	0	0.73689966689851871	0
P11142;E9PKE3;P11142-2;E9PNE6;E9PN89;E9PLF4;A8K7Q2;E9PQQ4;E9PQK7;P54652;E9PPY6;E9PI65;E9PN25;E9PS65;E9PM13	HSPA8	Heat shock cognate 71 kDa protein	15	26	26	11	43.8	43.8	23.1	70.896999999999991	646	28.261858052325231	28.02046278725518	28.08182359062635	28.130210049492959	27.886113876618179	27.78961174824266	27.846551585881411	27.88838030098692	-0.27092424199263482	0	2.5306148594568301	0
P07900;P07900-2;G3V2J8;Q14568;Q58FG0	HSP90AA1	Heat shock protein HSP 90-alpha	5	25	13	13	34.200000000000003	18.600000000000001	18.600000000000001	84.658999999999992	732	26.134828466099691	25.735647949492311	26.022845263689391	25.931658734946581	25.459295777217601	25.91556540903867	25.573403570879542	25.712797122792299	-0.29097963357496681	0	1.1819143817503901	0
A0A2R8Y7T2;A0A2R8YFS5;A0A2R8YF78;A0A0D9SF53;A0A2R8Y5G6;A0A2R8YDT5;A0A0D9SG12;A0A2R8YCW1;A0A0D9SFB3;A0A2R8YFR4;A0A2U3TZJ9;A0A2R8Y4A4;A0A2R8Y645;O00571;O00571-2;F6S8Q4;O15523;A0A2R8YDH3;O15523-2;A0A0J9YVQ7;A0A087WVZ1;O15523-3;D6RCM4;C9J081;Q9NQI0-2;Q9NQI0;Q9NQI0-4;Q9NQI0-3;H0Y960;C9J8G5;A0A2R8Y4D2	DDX3X	ATP-dependent RNA helicase DDX3X;ATP-dependent RNA helicase DDX3Y	31	22	21	21	55.5	53.2	53.2	52.883999999999993	476	25.744426140124968	25.339872831808471	25.39129525449815	25.680163975315139	25.384987375529999	25.236152620169388	25.111716430482598	25.202658035589771	-0.30506093499374393	0	1.404116031859072	0
P18085;C9JPM4;C9JAK5;U3KQF2;F5H1V1;F5H6T5;F8WDB3	ARF4	ADP-ribosylation factor 4	7	10	10	6	64.400000000000006	64.400000000000006	35.6	20.510999999999999	180	27.370194107412551	26.12837230254128	26.47800005812984	25.90368678770831	26.861951102186119	25.665356737949359	26.11471759500451	25.963206370650461	-0.3187553625003865	0	0.33037991277644752	0
P62314;J3QLI9;J3QLR7	SNRPD1	Small nuclear ribonucleoprotein Sm D1	3	5	5	5	54.6	54.6	54.6	13.281000000000001	119	28.942628059756149	28.84795563968315	29.62881417864353	29.365466925569891	29.08547521470004	28.700315303172861	28.582656147993092	29.10579519907963	-0.32765573467677811	0	0.70360108777135466	0
Q15061;C9IZK7	WDR43	WD repeat-containing protein 43	2	4	4	4	6.9	6.9	6.9	74.89	677	24.352320432591231	23.679707736238939	24.24930677030612	23.993863007366979	24.103655991917108	22.27597502813606	23.95144836368075	24.457512141611421	-0.37165160528947649	5.6609146813002893E-2	0.30668051137804409	1.7149748658170531E-2
P05198;H0YJS4;G3V4T5	EIF2S1	Eukaryotic translation initiation factor 2 subunit 1	3	9	9	9	31.1	31.1	31.1	36.111999999999988	315	24.528980556878821	25.340280430353602	24.218006197600449	25.649217577497481	24.812205122435699	23.469610022657839	25.564999779679809	24.371391144022951	-0.37956967338351433	0	0.28643380269716029	0
P62249;M0R210;M0R3H0;Q6IPX4;M0R1M5;M0QX76	RPS16	40S ribosomal protein S16	6	6	6	6	32.200000000000003	32.200000000000003	32.200000000000003	16.445	146	27.118821654906469	27.028757956559289	27.514952258774471	27.739824894123309	27.167678459213811	27.001850549840931	26.59477084790371	27.104296087337019	-0.38344020501701692	0	0.9237271890738864	1.359739955510518E-16
Q13200;Q13200-2;Q13200-3;H7C1H2;H7C2Q3;C9JPC0	PSMD2	26S proteasome non-ATPase regulatory subunit 2	6	13	13	13	18.7	18.7	18.7	100.2	908	24.052915586202619	23.44997781319384	24.256883020145999	24.341298923188631	23.534690439164169	24.198055298080991	23.23034417240072	23.55156839914553	-0.39660425848492048	0	0.66731543361502776	0
P45974-2;P45974;A0A7P0TB18;F5H571;A0A7P0TB69;A0A7P0TAP9;Q92995-2;Q92995	USP5	Ubiquitin carboxyl-terminal hydrolase 5	8	15	15	14	26.6	26.6	25.4	93.307000000000002	835	24.512015588922839	24.07226543735554	24.391393596601159	24.628230142242749	24.514184783729529	22.42201503929558	24.546042852161879	24.522529810666772	-0.39978306981713041	4.4763638905287957E-2	0.31188250882900859	1.149300665751464E-2
Q14697;Q14697-2;F5H6X6;E9PKU7;E9PNH1	GANAB	Neutral alpha-glucosidase AB	5	8	8	8	9.9	9.9	9.9	106.87	944	23.280509129274119	23.113418519246199	22.92750527282876	22.928427290229521	22.796060329184471	22.74295739266627	22.90038348267468	22.207830161355361	-0.40065721142445548	0.1115457618255746	1.3621697541656019	0.84771802747726055
E9PEB5;Q96AE4;Q96AE4-2;C9JSZ1;M0R251;M0QYG1;M0R263	FUBP1	Far upstream element-binding protein 1	7	17	16	15	33.6	32.5	31.1	68.903000000000006	655	26.53274507522891	26.597614998732961	26.434869595533499	26.213303906222428	25.93642946692875	25.90352590473918	26.195804720367718	26.119039418701981	-0.40593351624503882	0	1.994839764671908	0
A0A2R8Y6J3;P46777;Q5T7N0;A0A2R8Y4A2	RPL5	60S ribosomal protein L5	4	9	9	9	47.9	47.9	47.9	27.045000000000002	238	26.179040422910031	25.981133996119809	25.959585113002721	26.000153400368831	25.748603373757401	25.80365855865897	25.527400403233699	25.404153816888499	-0.4090241949657063	0	2.069506062502791	0
Q12788;J3KNP2;A0A087WYP7;H3BN88	TBL3	Transducin beta-like protein 3	4	21	21	21	41.8	41.8	41.8	89.033999999999992	808	24.661230095199471	24.264706025631838	24.132339691853321	23.985201267606271	23.951715142435951	23.401714936365678	24.06513209506528	23.887067370969469	-0.4344618838636265	0	1.099354505377651	0
P14174	MIF	Macrophage migration inhibitory factor	1	2	2	2	17.399999999999999	17.399999999999999	17.399999999999999	12.476000000000001	115	25.80368319042822	25.43029812790574	23.821236794406129	26.141216880570731	25.660903804337309	25.63997655280777	25.873942317061381	22.252125132625679	-0.44237179661966758	0.25950423513229659	0.15934473618533249	8.0302475063699891E-2
P42677;C9J1C5	RPS27	40S ribosomal protein S27	2	4	4	2	39.299999999999997	39.299999999999997	14.3	9.4610000000000003	84	28.00045430662518	28.386566932768211	28.16925656024954	27.654854074101809	27.628953200088191	27.845475215495089	27.4420558397929	27.517132067779869	-0.4443788876471686	0	1.3331685732462899	0
E5RI99;P62888;A0A0B4J213;E5RJH3;A0A0C4DH44	RPL30	60S ribosomal protein L30	5	5	5	5	51.8	51.8	51.8	12.656000000000001	114	27.130750118088141	26.7745474011125	27.06866217829911	27.502410947247778	26.782442985044518	26.988043718090829	25.837497047497308	27.08395482775261	-0.4461080165905642	0	0.66635931261720571	0
P35579;P35579-2;P35749-4;P35749-3;P35749;P35749-2;Q5BKV1;A0A2R8Y4C3;A0A494C024;B1AH99;E7ERA5	MYH9	Myosin-9	11	57	57	48	37.4	37.4	32.4	226.53	1960	26.447110727402489	26.45965536634943	26.251204565999419	26.197642954907209	25.254866573896258	27.00710120049153	25.577097315451091	25.661338842423049	-0.46380242059914778	0	0.54861648032827137	0
A0A0G2JNH2;A0A7I2V5U5;G5E9E7;A0A087X0K9;G3V1L9;Q07157-2;Q07157;H0YKB1	TJP1	Tight junction protein ZO-1	8	10	10	10	7.8	7.8	7.8	187.85	1676	23.838459164932701	22.66581211700273	23.012720688780291	23.470727380432201	23.160371870990879	22.629989752925379	22.850241024392609	22.469557781613549	-0.46938973030637737	0.1278923838947203	0.73530877871067746	0.15638244673845059
P12814;P12814-3;P12814-4;P12814-2;A0A7I2V4Y4;H9KV75;G3V2N5;G3V2W4;P35609-2;P35609;A0A494C1A0;H7C5W8;H0YJW3;H0YJ11;Q08043;G3V2X9;A0A494C166;A0A494C033;A0A087WSZ2;A0A494C060;G3V5M4;A0A494C0Q3;G3V2E8;G3V380;A0A494C031	ACTN1	Alpha-actinin-1	25	37	37	22	49.1	49.1	30.2	103.06	892	25.996839282705999	26.003052384435659	25.859346531406519	25.932515027422149	25.369661772167031	26.086528409874301	25.20571838942136	25.22118174528568	-0.47716572730548279	0	1.18947907801971	0
Q9Y490;Q9Y4G6;H0YMT1;A0A1B0GVU7	TLN1	Talin-1	4	24	24	24	13.3	13.3	13.3	269.76	2541	24.922795610656021	25.448340176211062	24.896013411390779	25.136609124398561	24.519473569639899	24.63798860862612	24.736654616019621	24.60002812623955	-0.47740335053280702	0	1.905210599046685	0
H0Y2Y8;Q15942;Q15942-2;H7C3D3;C9JJK5;C9IZ41	ZYX	Zyxin	6	6	6	6	18.5	18.5	18.5	57.643000000000001	540	23.484683277439402	23.44202419098594	23.686990304058419	22.935422626052791	22.80870078085864	22.70398212407266	22.821937434144061	23.27426552930611	-0.48505863253877379	8.5037664090408249E-2	1.182004167689918	0.2158320172692724
Q02880;Q02880-2;E9PCY5	TOP2B	DNA topoisomerase 2-beta;DNA topoisomerase 2	3	15	9	9	11.1	6.8	6.8	183.26	1626	24.217784386703268	24.169743987901551	24.615040462179401	24.151511483278298	24.008640622697939	23.677343718809979	23.741085912532402	23.78406686811406	-0.48573579947703388	0	1.9963889514649029	0
P23396;P23396-2;E9PL09;E9PPU1;H0YEU2;F2Z2S8;H0YCJ7;H0YF32;E9PQ96;E9PJH4;E9PK82;E9PSF4;E9PQX2;H0YES8	RPS3	40S ribosomal protein S3	14	14	14	14	67.099999999999994	67.099999999999994	67.099999999999994	26.687999999999999	243	27.281093083805349	27.436030065858759	27.71554898300797	27.486694494706331	27.109685615030571	26.76635561866151	26.967192479054901	27.114757303664671	-0.49034390274168871	0	2.1635272286932601	0
P35052;H7C410;H7C024;P35052-2;H7BZE9;C9J4Y6;H7BZL4	GPC1	Glypican-1;Secreted glypican-1	7	7	7	7	15.8	15.8	15.8	61.68	558	24.413577832281241	24.526415658977179	24.550159631803488	25.00333123862427	24.532373524313648	23.043123629456449	24.447646769803121	24.500634275745121	-0.49242654059196289	6.253571553985364E-2	0.60527842062065351	1.8609424928445039E-2
P14866;M0QXS5;A0A3B3ITJ4;P14866-2;M0QYT0;M0R1W6;B4DVF8;M0QYL7;M0R076	HNRNPL	Heterogeneous nuclear ribonucleoprotein L	9	24	24	23	67.2	67.2	66	64.132000000000005	589	27.74361748691997	27.775489620613211	27.52991888546266	27.356322736328721	27.086589147682751	26.651847034557498	27.323542452384469	27.35304436017104	-0.49758143363220242	0	1.40625020251769	2.719479911021036E-16
A0A087WWU8;P06753-5;P06753-2;P06753-4;P06753-3;P06753-6;D6R904;J3KN67;A0A494C0P6;A0A2R2Y2Q3;P06753;P06753-7;Q5VU61;A0A494C0G0	TPM3	Tropomyosin alpha-3 chain	14	10	10	8	34.4	34.4	29.5	26.42	227	24.767189524543731	25.384954449690621	25.22453432404183	24.10077204284903	22.884880239684179	26.028062361838511	24.275544829391709	24.279871818278011	-0.50227277298320294	5.1516078911211842E-2	0.29759039902891532	1.889640961576548E-2
Q08211;Q08211-2	DHX9	ATP-dependent RNA helicase A	2	49	49	49	45.1	45.1	45.1	140.96	1270	28.308822488384809	28.01876618490213	28.19225292570383	28.209088455965531	27.847089470076131	27.28347953042725	27.67370955482232	27.86655677110765	-0.51452368213073285	0	1.879103354961529	2.719479911021036E-16
A0A7I2V2R3;A0A7I2V5D8;P51991;A0A7I2V402;A0A7I2V4J6;A0A7I2V4G0;H7C1J8	HNRNPA3	Heterogeneous nuclear ribonucleoprotein A3	7	15	15	3	46.2	46.2	9.4	35.411000000000001	331	27.372686813856941	27.312072925437761	27.665736230474931	27.838098446080739	26.683648100272769	26.98174372973509	27.462169983841012	26.956043397276279	-0.52624730118130714	0	1.3801137169613149	0
Q14204;A0A7P0T9C4;A0A7P0TA13;A0A2R8Y5T0;A0A2R8Y706;A0A7P0T9R4;A0A7P0TAW9;A0A7P0T7V5;A0A7P0T916;A0A7P0T8N2;A0A7P0TBJ7;A0A7P0TAF3;A0A7P0TB75;A0A7P0T9K2;A0A2R8Y6H2;A0A7P0T9F1;A0A7P0T8W5;A0A2R8YFZ7;A0A7P0TAM4;A0A7P0T825;A0A7P0TB64;A0A7P0TAV5;A0A7P0T990;A0A7P0T942;A0A2R8YGC7;A0A7P0T9S3;A0A7P0T934;A0A7P0T9Y3;A0A7P0TBC9;A0A7P0TAS7;A0A7P0TB96	DYNC1H1	Cytoplasmic dynein 1 heavy chain 1	31	57	57	57	15.5	15.5	15.5	532.4	4646	26.71463227937015	26.530901242226211	26.923090415399869	26.873496494032899	26.188050907489441	26.408274275992351	26.085779099912511	26.212561989031979	-0.53686353965070666	0	2.534260197995549	0
Q58FF8	HSP90AB2P	Putative heat shock protein HSP 90-beta 2	1	7	1	1	16.8	3.9	3.9	44.347999999999999	381	26.3954362059578	26.224037455348849	26.47745973735703	26.77618019069449	25.757786533548771	25.997420879956209	25.725802462661569	26.237557324458251	-0.53863659718334134	0	1.7558577650163849	0
Q15149-4;Q15149-7;Q15149-8;Q15149-9;Q15149-5;Q15149-6;Q15149-2;Q15149;H0YDN1;E9PMV1;E9PKG0;E9PIA2;E9PQ28	PLEC	Plectin	13	199	199	3	49.1	49.1	0.5	516.19000000000005	4547	27.988043718090829	28.03422670068791	27.873907125514972	28.027282053575441	27.38129500257736	27.592847871482761	27.370609857693779	27.423581956197971	-0.53878122747932267	0	3.834322673110055	0
P62244;I3L3P7;I3L246;H3BN98;H3BV27;H3BT37;I3L303;H3BVC7	RPS15A	40S ribosomal protein S15a	8	7	7	7	56.9	56.9	56.9	14.839	130	29.252955552106339	29.100716911294789	29.589280021605969	29.214772703820969	28.961987419286441	28.717674802098362	28.533822032077399	28.786374631798171	-0.53946657589192526	0	2.1112584443973752	0
Q12906-7;Q12906;Q12906-3;Q12906-6;Q12906-2;Q12906-4;Q12906-5;K7EKJ9;K7EQR9;K7ER69;K7EKY0;K7EJ09;K7ENK6;K7EM82;K7ERM6;K7EPG3;K7EQ75	ILF3	Interleukin enhancer-binding factor 3	17	28	28	24	40.299999999999997	40.299999999999997	36.5	95.807000000000002	898	26.55940883436816	26.460921032315419	26.596478011152971	26.503776130334401	25.907221681545401	25.860081022784211	26.066692964492759	26.090672955264651	-0.54897884602097946	0	3.8352449074665049	0
Q92598-2;Q92598-3;Q92598;Q92598-4;A0A0A0MSM0	HSPH1	Heat shock protein 105 kDa	5	6	6	5	9.6	9.6	7.9	92.114999999999995	814	24.418540313694582	23.441391069002329	23.59821155870166	23.6663323742617	23.110044202015619	23.29249464300905	23.082729243634091	23.418282942354871	-0.55523107116166059	0	1.271697032743158	0
P11940;A0A7I2YQ88;H0YAR2;E7ERJ7;A0A087WTT1;A0A7I2V649;E7EQV3;P11940-2;A0A7I2V4N4;A0A7I2YQE4;A0A7I2YQ90;Q9H361;H0YB86;H0YB75;H0YAS6;H0YBN4;H0YAS7;H0YAP2;E5RJB9;E5RH24;E5RGH3;A0A6I8PLA1;H0YC10;A0A6I8PS38;E5RHG7;E5RGC4;H0YAW6;H0Y6X6;A0A7I2V3J9;H0YER0;Q5JQF8;Q96DU9-2;Q96DU9;E5RFD8	PABPC1	Polyadenylate-binding protein 1;Polyadenylate-binding protein;Polyadenylate-binding protein 3	34	22	22	13	37.9	37.9	21.5	70.67	636	26.221992973189469	26.07834596572841	26.48360743070041	26.35258984343065	25.58351000690342	25.526117118874531	25.841557629613341	25.934968418751691	-0.56259575972649145	0	2.2808638229466021	0
B0QYK0;Q01844-6;Q01844-3;Q01844;Q01844-5;H7BY36;A0A0D9SFL3;C9JGE3;Q01844-2;Q01844-4	EWSR1	RNA-binding protein EWS	10	5	5	5	12	12	12	64.929000000000002	618	24.05804590950601	24.435426101901601	24.42943636961758	24.433389834745089	22.871116292519801	23.85861166590097	24.139305276689051	24.231326081163491	-0.563984724874242	7.5578098076267197E-2	0.88296675911159983	8.0711159482441994E-2
A0A087WTP3;M0R0C6;Q92945;M0R0I5;M0QYH3;M0QXW7;M0R3J3	KHSRP	Far upstream element-binding protein 2	7	19	19	18	35	35	33.1	73.027000000000001	711	25.863204355129831	25.794491028557552	26.012609877144701	25.971759641162471	25.055813978615131	25.157036318728771	25.514034250539261	25.64836745731612	-0.56670322419881813	0	2.0381607428879098	0
P62913;Q5VVC8;P62913-2	RPL11	60S ribosomal protein L11	3	8	8	8	41	41	41	20.251999999999999	178	29.28509035856295	28.187258124544801	29.00117944772304	28.762970828331522	29.021548625573459	27.393129869326071	27.816288581884649	28.723577937967189	-0.57048843610274247	0	0.60435827314169588	0
P32969;D6RAN4;A0A2R8Y5Y7;H0Y9V9;H0Y9R4	RPL9	60S ribosomal protein L9	5	10	10	10	65.599999999999994	65.599999999999994	65.599999999999994	21.863	192	28.144381060391169	28.349294526462639	28.358839504497759	27.474213556210451	27.82286623024331	27.347986112574048	27.331166938444291	27.52275427894628	-0.57548877183852554	0	1.2862115807963499	0
Q9Y3I0	RTCB	tRNA-splicing ligase RtcB homolog	1	10	10	10	26.3	26.3	26.3	55.21	505	23.239958570753871	23.847662992262531	24.437649983182769	22.965520095122351	22.762415628876571	23.58692039793673	22.72598513395511	23.112241587938222	-0.57580722315372534	0.14315749575784359	0.69388828115775836	0.15183974425207439
B9A067;Q16891-2;Q16891-4;Q16891;C9J406;Q16891-3;H7C463;A0A087WYS0;D6RAW4	IMMT	MICOS complex subunit MIC60	9	7	7	7	12.7	12.7	12.7	78.972999999999999	711	23.157922956813039	23.005405936659471	23.265421612691249	23.122799564175779	22.821297739947809	22.71190443471448	22.33168800712356	22.308598186555471	-0.59451542549955272	0.1073508936603662	2.0298733260810691	0.86327129030145411
P07737;K7EJ44;CON__P02584;I3L3D5	PFN1	Profilin-1	4	5	5	5	46.4	46.4	46.4	15.054	140	28.017704794351481	28.155473738954139	28.524287211506682	28.68113635647023	28.105495501323979	27.620727927055469	27.451204822167391	27.806365535222842	-0.59870207887821536	0	1.5440088352813519	0
Q07666;Q07666-3;Q07666-2	KHDRBS1	KH domain-containing, RNA-binding, signal transduction-associated protein 1	3	6	6	6	24.2	24.2	24.2	48.226999999999997	443	25.750240213490802	25.904146354500732	25.258069964687579	25.1658399477888	24.846276589830069	25.119811225588581	24.886602330498409	24.818508845109761	-0.60177437236026776	0	1.676944732752194	0
P11388;P11388-2;P11388-3;P11388-4;J3KTB7	TOP2A	DNA topoisomerase 2-alpha	5	33	33	27	26.3	26.3	22.1	174.38	1531	26.248745991059941	26.12539943835521	26.079912951362569	26.513251224654489	25.931816511227439	24.85960720018376	25.73722216946469	25.98511438705215	-0.61338733437604631	0	1.15226542250632	0
J3QT28;O43684-2;O43684;J3QSX4	BUB3	Mitotic checkpoint protein BUB3	4	10	10	10	51.1	51.1	51.1	31.702999999999999	278	25.811543835661581	25.600935552979681	26.11961336574587	25.8872533451935	25.482192239477609	24.497835760408609	25.497226668513679	25.409569625162099	-0.63313045150465541	0	1.2687184384563559	0
F5H6E2;O00159-2;O00159-3;O00159	MYO1C	Unconventional myosin-Ic	4	10	10	10	10.8	10.8	10.8	118.99	1039	23.941900852608999	23.720567421430289	23.790643607829111	24.2451046726047	23.43669731093696	23.169820432200989	23.08420630897529	23.452870624933361	-0.63865546935662465	0	2.2828575357899248	0
P49792;J3KQ37;F8VYC4;A0A286YES2;A0A1W2PNU4;P0DJD0;P0DJD1;Q99666;O14715;F8WBP7;F8W705;Q99666-2	RANBP2	E3 SUMO-protein ligase RanBP2	12	14	14	10	6	6	4.7	358.2	3224	23.457762609501099	23.37172347800448	23.22328998978206	23.089388408803039	22.502928820191809	22.358416302818021	23.073916651468849	22.633760652139699	-0.6432855148680735	0.1211793718682101	1.9502310228406849	0.1320389928521766
Q6P2Q9;I3L0J9;I3L3Z8;I3L1T8	PRPF8	Pre-mRNA-processing-splicing factor 8	4	28	28	28	14.3	14.3	14.3	273.60000000000002	2335	24.824688045160091	24.672927686643	24.645429317007778	24.64823029423134	24.076838425974682	23.980240706704539	24.022167981808099	24.098123348881341	-0.65347621991838878	0	4.888058379613903	0
A0A7I2V4Z0;A0A7I2YQN2;O60506-4;O60506-3;O60506-2;O60506;A0A7I2V346;A0A7I2V5Q6;B7Z645;A0A7I2V2F2;A0A7I2V309;O60506-5;A0A7I2YQV8;F6UXX1;A0A7I2V4J0;A0A7I2V2F0	SYNCRIP	Heterogeneous nuclear ribonucleoprotein Q	16	14	12	12	32.799999999999997	28.6	28.6	61.008000000000003	545	26.154141316270611	25.924880626944049	25.940490144695289	26.333437918129331	25.58178742003475	25.309663970511959	25.41680216546872	25.426624097692191	-0.6545180880829129	0	2.955034043993185	0
Q15393;Q15393-3;Q15393-2;I3L4G7;J3QL37;H3BMB0;J3QRB2;J3QKV4	SF3B3	Splicing factor 3B subunit 3	8	37	37	37	41.3	41.3	41.3	135.58000000000001	1217	25.60322992931977	25.051505691824929	25.601870739402699	25.526505208962671	24.537951572305801	24.217710442158481	25.129669778648989	25.274692088726031	-0.65577192191769385	0	1.2304047136527969	0
P60953;Q5JYX0;A0A590UJK8;P60953-1;A0A3B3IRV0;A0A494C1M1;A0A494BZX6	CDC42	Cell division control protein 42 homolog	7	4	4	4	26.7	26.7	26.7	21.257999999999999	191	25.898990825361022	25.292564852272061	27.161348736057501	25.823036363674881	25.515268159280481	24.70414047927186	25.856428568281181	25.399826037647319	-0.67506938322115673	0	0.7076502382619233	0
P02751;P02751-8;P02751-13;P02751-7;P02751-1;P02751-3;P02751-17;P02751-14;P02751-9;P02751-5;P02751-10;P02751-6;P02751-11;P02751-4;P02751-12;H0Y7Z1;P02751-16;P02751-2	FN1	Fibronectin;Anastellin;Ugl-Y1;Ugl-Y2;Ugl-Y3	18	7	7	7	3.6	3.6	3.6	272.32	2477	23.466501702756581	23.297960730724778	23.614254221723471	23.20447263855181	22.47728312434586	22.6148193672344	22.645374341489401	23.136190399735838	-0.67738051523778375	0.22430001477537539	2.0146590916291389	1.27602669974755
A0A6I8PRN4;Q06210-2;Q06210;A0A6I8PTT9;O94808;E5RJP4	GFPT1	Glutamine--fructose-6-phosphate aminotransferase [isomerizing] 1	6	7	7	7	16.899999999999999	16.899999999999999	16.899999999999999	68.540999999999997	609	23.301453771608191	23.116800823554328	23.195218994628551	22.884647521936682	22.749380973286112	22.697277452630061	22.444590335852411	21.87375254046637	-0.6832799523732026	0.36384133252403378	1.2865325269019621	0.60075633869735512
P63244;J3KPE3;H0YAF8;H0Y8W2;D6RAC2;H0YAM7;D6REE5;D6R9L0;D6R9Z1;D6RHH4;D6RFX4;H0Y8R5;D6RFZ9;D6RBD0;D6RF23;E9PD14;D6RAU2;D6RHJ5;H0Y9P0;D6RGK8;D6R909;D6RDI0	GNB2L1	Guanine nucleotide-binding protein subunit beta-2-like 1;Guanine nucleotide-binding protein subunit beta-2-like 1, N-terminally processed	22	16	16	16	75.400000000000006	75.400000000000006	75.400000000000006	35.076000000000001	317	27.408193278039271	27.430377894308371	27.80335062605424	27.73647398399946	27.001635831126301	26.935058372146941	26.998088350753921	26.700943618673989	-0.68566740242504665	0	2.8231877374012662	0
P43243;A8MXP9;A0A0R4J2E8;D6REM6;D6R991;P43243-2;B3KM87;H0Y8T4;D6R8Z5;D6RBK5;D6RIA2;D6RE02;D6RBI2;D6REK4;D6RCM3;A0A1B0GX04;D6RBS2;D6RAY2;D6RAM9;D6R9F3;D6RB45	MATR3	Matrin-3	21	26	26	26	43.9	43.9	43.9	94.622000000000014	847	28.504041432650531	28.519233590425149	28.515967407197412	28.59814765335998	27.76116446850169	27.570076887773311	28.0335442402734	27.98901884150807	-0.69589641139415548	0	3.144432543133195	0
P84077;P61204;F5H423;F5H0C7;P61204-2;H0YGG7	ARF1	ADP-ribosylation factor 1;ADP-ribosylation factor 3	6	9	5	4	54.7	26	26	20.696999999999999	181	28.156293822091769	27.267048252214831	27.621496674885311	27.46575470841427	27.554132930480879	26.144157361860451	27.406085733498671	26.61666774133078	-0.69738742260884834	0	0.92405882449216425	0
E9PD53;Q9NTJ3;Q9NTJ3-2;C9JR83;C9J9E4;C9JWF0;C9IYK2;C9JJ64	SMC4	Structural maintenance of chromosomes protein;Structural maintenance of chromosomes protein 4	8	20	20	20	20.3	20.3	20.3	144.44999999999999	1263	24.465256497223649	24.623102734243371	24.14406009080983	23.922886326224369	23.9067401602736	22.688293001891662	23.816752435644521	23.931298038640961	-0.70305550301261732	0	1.078691096283982	0
P47897;P47897-2;A0A1B0GVU9;B4DDN1;A0A0U1RQT0;C9J165;H7C0R3;A0A0U1RQE9;A0A0U1RQM8;A0A0U1RRI9;A0A0U1RQU2;A0A0U1RQL2;A0A0U1RR66;A0A0U1RQX5;A0A1B0GTT3;A0A0U1RQQ5;F2Z2V6;A0A0U1RRC8;A0A0U1RQX9;A0A0U1RRJ7;A0A0U1RQJ6;A0A0U1RQC3;A0A0U1RR79	QARS	Glutamine--tRNA ligase	23	28	27	27	42.5	41.4	41.4	87.797999999999988	775	24.028757956559289	23.269992984107731	24.133202430493821	24.130848290660801	22.72982650196867	22.83836298205717	23.221285017810469	23.960756391869889	-0.70314269202886237	0	1.047392908480518	0
P14618;P14618-2;P14618-3;B4DNK4;H3BTN5;H3BR70;H3BQ34;H3BUW1;H3BTJ2;H3BT25;H3BU13;H3BN34;H3BQZ3;P30613-2;P30613	PKM	Pyruvate kinase PKM;Pyruvate kinase	15	38	38	38	77.2	77.2	77.2	57.936000000000007	531	28.875021107883001	28.837918052827501	28.819672507903601	28.962897593504831	28.20321834178138	28.347943885911452	27.994046506229569	28.08795507278186	-0.7155863638536708	0	3.881666800400668	5.4389598220420729E-16
A0A087X0X3;P52272-2;P52272;M0R2I7;M0R019;M0R2T0;M0QYQ7;M0R0N3;M0QY96;M0R0Y6;M0QYL3	HNRNPM	Heterogeneous nuclear ribonucleoprotein M	11	41	41	16	63.6	63.6	26.6	77.569000000000003	730	28.06543002291097	28.08009599448464	27.955378356526531	27.955322922623591	27.07367562662672	27.09184340073277	27.436347840098119	27.520283204906441	-0.73351930604542304	0	3.0499540207784941	0
Q00341;A0A024R4E5;Q00341-2;H0Y394;H7C0A4;C9JIZ1;C9JZI8;C9J5E5;C9JHS7;C9JHZ8;C9JES8;H7C2D1;H7BZC3;C9JK79;C9JT62;C9JHN6;C9JEJ8;C9JBS3;C9JQ82;C9JMQ6;C9J739;C9JHS9	HDLBP	Vigilin	22	22	22	22	24	24	24	141.44999999999999	1268	25.049969827816231	24.826483317274079	24.63887247757145	24.920843844977149	23.583366536529191	24.420469136622231	24.15096945148241	24.307789483777569	-0.74339371480687078	0	1.95823093987221	0
P08238;Q58FF7;F8W026;Q58FG1	HSP90AB1	Heat shock protein HSP 90-beta	4	34	34	19	50.4	50.4	30.7	83.262999999999991	724	29.39758383345044	29.35241304824202	29.299922241118409	29.315704741771778	28.452462209797599	28.539416680668811	28.66705689921163	28.725789463710889	-0.74522465279843075	0	4.5617088175008584	0
P50454;E9PJH8;E9PR70;E9PPV6;E9PKH2;E9PIG2;E9PRS3;E9PNX1;E9PK86;E9PMI5;E9PLA6;E9PQ34;H0YEP8	SERPINH1	Serpin H1	13	12	12	12	36.4	36.4	36.4	46.44	418	25.77180518408062	25.52007334309199	25.825319071044738	26.015122356414011	24.939660990272891	24.144915851057611	25.407204736672149	25.602975178730649	-0.75939079947451305	0	1.1744477985948241	0
P52907	CAPZA1	F-actin-capping protein subunit alpha-1	1	8	8	6	45.5	45.5	36	32.921999999999997	286	24.2638468523811	25.308518740273719	25.835474509974649	25.68677663476879	22.701327176889659	25.288134982210551	24.783117743037781	25.2701712596768	-0.76296639389586218	0.13146033303285651	0.48720654641771483	1.0934260296326839E-2
P30050;P30050-2	RPL12	60S ribosomal protein L12	2	7	7	7	58.8	58.8	58.8	17.818000000000001	165	27.653761330220082	26.447883195794841	27.118623659292229	27.053102086664211	26.50536721291347	26.006566294460089	26.609499579369469	26.097580970990371	-0.76358905355949247	0	1.4206197061610131	2.719479911021036E-16
A0A7I2V430;A0A7I2V2M5;A0A7I2V4F0;Q92499;A0A087WZ71;A0A087X2G1;A0A7I2YQ77;Q92499-3;Q92499-2;A0A7I2V4J3;A0A7I2V421;A0A7I2V5X8	DDX1	ATP-dependent RNA helicase DDX1	12	17	17	14	35.4	35.4	28.7	77.86	697	25.520702836974809	25.21445312438523	25.324813140934729	25.40256088192708	24.771780001981639	24.250174643827911	24.632507595488789	24.737118994535031	-0.76773718709711503	0	2.879312856785448	0
Q5BKZ1;A0A0A0MRN4;Q5BKZ1-2;Q5BKZ1-3	ZNF326	DBIRD complex subunit ZNF326	4	9	9	9	17.399999999999999	17.399999999999999	17.399999999999999	65.653000000000006	582	24.27802911459543	24.181544773048341	24.013334260699612	24.01000762035169	22.520160429060141	23.630453778689269	23.620420313190049	23.613804749006729	-0.77451912468722028	8.603578683324771E-2	1.527172004784545	0.34568405408803771
A0A0A0MRA5;B7Z4B8;Q9BUJ2-4;Q9BUJ2-2;Q9BUJ2;Q9BUJ2-3;M0R3F1;M0QYZ0;M0R203;M0QZV6;M0R0K8;M0QYM5;M0QYI8;Q9BUJ2-5	HNRNPUL1	Heterogeneous nuclear ribonucleoprotein U-like protein 1	14	16	16	16	24.4	24.4	24.4	85.938999999999993	766	26.143495789349529	26.06418653726438	26.041096291122528	25.9909671132976	25.320722336743511	24.912736236429861	25.35423888794352	25.542681918085169	-0.77734158795799502	0	2.899761277571915	0
P04406;P04406-2;E7EUT5;O14556	GAPDH	Glyceraldehyde-3-phosphate dehydrogenase	4	13	13	13	67.2	67.2	67.2	36.052999999999997	335	27.992534643328941	28.121195485209039	28.374470607823199	28.52114481733199	27.40851724257011	27.817386941314091	27.21835732845739	27.408355269398179	-0.78918219298835268	0	2.4033295465254638	0
P33176;Q12840;A0A7I2V4K6;O60282;A0A6Q8PGJ3;A0A7I2V492;A0A7I2V3N5;A0A0G2JMZ6;A0A6Q8PEZ8;J3KNA1;A0A7I2V581;A0A7I2V3V4;O60282-2;A0A7I2V352;A0A7I2YQQ7;A0A7I2YQB4;A0A6Q8PFV6;A0A6Q8PGN1;A0A6Q8PGT2	KIF5B	Kinesin-1 heavy chain	19	31	31	31	43.3	43.3	43.3	109.68	963	23.856523554293052	22.543449136426929	22.05741801138986	22.76338502152278	22.505375315033039	21.848809353102261	21.247192761316899	22.438449741995441	-0.79523713804624541	0.1670945291006295	0.81247776635361724	0.29447216473490351
Q86UP2-2;Q86UP2-3;Q86UP2-4;Q86UP2;G3V4Y7;H0YJV5;H0YJZ8;G3V5P0;G3V5G2;B7Z6P3	KTN1	Kinectin	10	10	10	10	9.1999999999999993	9.1999999999999993	9.1999999999999993	149.61000000000001	1300	23.61357996012487	23.923974468355819	23.695298818840399	23.425728133037019	23.052567387488619	23.302290844472338	22.89443219316685	22.157799631098371	-0.81287283103298336	0	1.645380724353753	0
Q6NZI2;Q6NZI2-2;Q6NZI2-3	PTRF	Polymerase I and transcript release factor	3	5	5	5	14.4	14.4	14.4	43.476000000000013	390	23.478154398332279	23.357967521974459	23.51544864280369	23.031183588920339	22.793611683622519	22.76490493758951	22.595663753593819	21.966720060328051	-0.81546342922421411	7.8705456404935939E-2	1.516977935196848	0.43899813590358278
P55884;P55884-2;C9JZG1;C9JQN7	EIF3B	Eukaryotic translation initiation factor 3 subunit B	4	26	26	26	43.1	43.1	43.1	92.48	814	25.04660181227041	23.75358483994976	24.794367078230479	24.926646000824022	23.378883269577351	23.97971754882105	23.992048350731771	23.900120172688119	-0.81760759736409838	0	1.3158982471083509	0
B0QY89;Q9Y262;Q9Y262-2;B0QY90;C9JHP4;C9K0Q7;H7C3A0	EIF3L	Eukaryotic translation initiation factor 3 subunit L	7	8	8	8	14.2	14.2	14.2	70.90100000000001	607	23.9337309904748	23.639535024100152	24.212450668538541	23.085454953409801	22.96384001517281	23.398978486477059	22.626894313405749	22.58237907341141	-0.82476993701406087	8.0146675660692626E-2	1.4141516409427071	0.20314073923858661
P21796;C9JI87	VDAC1	Voltage-dependent anion-selective channel protein 1	2	6	6	6	31.1	31.1	31.1	30.771999999999998	283	24.278100031352189	23.81802116804705	24.454001017658062	23.83903612756421	22.771968475704892	23.8196785979097	22.910112015016711	23.567787148199528	-0.82990302694766882	0.10992166928360959	1.448611499783556	7.3366603081161205E-2
Q16658;C9JFC0;A0A0A0MSB2;C9JPH9	FSCN1	Fascin	4	18	18	18	45	45	45	54.529000000000003	493	27.424943707260741	27.502562698067401	27.70087749308485	27.350938911852321	26.663159140918619	26.639893776467339	26.43622073880157	26.9169551460962	-0.83077350199539524	0	3.270038573414479	0
P68133;P68032;P63267;P62736;A6NL76;F8WB63;B8ZZJ2;C9JFL5;F6UVQ4;F6QUT6	ACTA1	Actin, alpha skeletal muscle;Actin, alpha cardiac muscle 1;Actin, gamma-enteric smooth muscle;Actin, aortic smooth muscle	10	12	1	1	30	4.2	4.2	42.051000000000002	377	26.328036352187588	26.261929768434509	26.9647712952614	26.752258129883391	26.102374948453491	27.235440624424559	22.93203188883837	26.675729664894579	-0.84035460478896817	0.1149590873038402	0.37260700490418591	1.1333828814020249E-2
O43390;O43390-3;B4DT28;A0A6Q8PEX7;A0A6Q8PH31;A0A6Q8PH35;A0A6Q8PHG0;A0A286YEZ8	HNRNPR	Heterogeneous nuclear ribonucleoprotein R	8	20	20	1	34.1	34.1	2.7	70.941999999999993	633	28.248438374388499	28.00806353184965	28.315488817945759	28.352328852441531	27.630412117018849	26.984897162773969	27.352539332730331	27.549146229903709	-0.85183118354964904	0	2.702517884925042	0
Q99459	CDC5L	Cell division cycle 5-like protein	1	6	6	6	8.6999999999999993	8.6999999999999993	8.6999999999999993	92.25	802	24.033974752896569	24.146159687790242	23.851575970328739	23.55262407262391	22.538996360599299	22.205225435338029	23.877176272505551	23.532258608567069	-0.85766945165737718	8.4079580022085043E-2	1.109836661385623	0.52292371472350174
Q9UHD1;Q9UHD1-2;E9PPQ5;E9PIZ4;E9PSD5;E9PL00;E9PHZ2;E9PIF7	CHORDC1	Cysteine and histidine-rich domain-containing protein 1	8	9	9	9	38.6	38.6	38.6	37.488999999999997	332	24.398782827015051	24.563836784823689	24.777961590176531	24.42245954821847	22.93276059961746	23.731795485916649	24.284327094364809	23.749907880687029	-0.86606242241194897	6.2656938018011338E-2	1.613901418068072	0.1810828339734965
Q9BSJ8-2;Q9BSJ8;F8VZB1	ESYT1	Extended synaptotagmin-1	3	7	7	7	7.7	7.7	7.7	124	1114	23.796794565608611	23.85481284851052	23.736035212056951	23.83932452237595	22.81399642100375	23.002816388785622	22.80557857486464	23.107332668249459	-0.87431077391213918	0	4.5021995908372761	0
Q14152-2;Q14152	EIF3A	Eukaryotic translation initiation factor 3 subunit A	2	10	10	10	9.8000000000000007	9.8000000000000007	9.8000000000000007	162.63	1348	24.446448282281391	24.544098002652721	23.894950209883479	24.399760859078061	23.337560929000009	24.120839659571299	23.49044842279962	22.769148569536199	-0.89181494324713029	0	1.5318564511227259	0
A0A0A0MTN0;Q13617;Q13617-2;Q5T2B5;Q5T2B7	CUL2	Cullin-2	5	14	14	14	23.1	23.1	23.1	88.504999999999995	758	24.475868475471611	23.934900950024371	24.284468306623609	24.359040656410471	23.686883473369271	22.83464541365511	23.40483596525381	23.535402588108731	-0.89812773703578586	0	2.1926846248591412	0
P13639	EEF2	Elongation factor 2	1	38	37	37	55	53.8	53.8	95.337000000000003	858	26.61666774133078	26.571943667648249	26.467388256474312	26.540481280269699	25.48913182971911	26.11628525663162	25.335040818050071	25.648586891130769	-0.90185903754786523	0	2.7161289860351481	0
Q9P2E9;Q9P2E9-3;A0A087WVV2;F8W7S5;A0A087WU26;V9GY78;A2A2S5;C9J066;E9PN67;H9KV85;Q8N4C6-6;Q8N4C6-11;Q8N4C6-4;Q8N4C6-9;Q8N4C6-2;Q8N4C6;Q8N4C6-5;Q8N4C6-10;Q8N4C6-7	RRBP1	Ribosome-binding protein 1	19	9	9	9	8.1999999999999993	8.1999999999999993	8.1999999999999993	152.44999999999999	1410	23.958634130930559	23.436443158722639	23.46063986915329	23.19863987366179	22.890183472592529	22.513537355879389	22.55298781617671	22.45367445367161	-0.91099348353700782	0.18134766163215391	2.104936763675334	0.20889995388210381
P46977;P46977-2;A0A0C4DH80;E9PN73;E9PI32;H0YET6	STT3A	Dolichyl-diphosphooligosaccharide--protein glycosyltransferase subunit STT3A	6	7	7	7	10.1	10.1	10.1	80.528999999999996	705	24.500998899599011	23.734175402966329	23.386665597697579	23.910953748785051	22.385773734794441	22.826223527314578	22.865688723523771	23.798476547467342	-0.91415777898696149	0.17078420930530941	1.1777400327461409	8.8893380310441097E-2
O43660-2;O43660;H0YA24;D6RA26;B7Z982;H0YAA2	PLRG1	Pleiotropic regulator 1	6	12	12	12	32.1	32.1	32.1	56.288999999999987	505	24.441327741519899	24.953048296734629	24.568483149680048	24.427583442761929	24.337560929000009	22.74567796698777	23.772937923839571	23.79114062614142	-0.93578129618192918	5.5081834643763213E-2	1.4216045415776151	0.1177760491110767
P41091;Q2VIR3;Q2VIR3-2;H7BZU1	EIF2S3	Eukaryotic translation initiation factor 2 subunit 3;Putative eukaryotic translation initiation factor 2 subunit 3-like protein	4	14	14	14	38.6	38.6	38.6	51.108999999999988	472	25.925718317210642	26.695643970723889	26.91102234674084	26.433978738595421	24.514064358433892	25.66616981402105	25.64982058483788	26.38965523176687	-0.93666334605277157	0	1.1062883923947919	0
A0A024R7W5;A0A087X0Q1;A0A087WY31;Q7Z739	YTHDF3	YTH domain-containing family protein 3	4	8	8	4	19.899999999999999	19.899999999999999	10.9	58.311000000000007	534	23.82628934146997	24.41461040314412	24.016228163226899	23.3129903896032	22.90376492439183	22.7847588755108	23.402105434416761	22.708851505079831	-0.94265938951124661	6.2310213782849663E-2	1.810127412771189	6.3788481040789796E-2
H3BNC9;P08708;H0YN88;A0A075B716;H0YN73;A0A0J9YYC4	RPS17	40S ribosomal protein S17	6	10	10	10	13.9	13.9	13.9	64.531999999999996	584	28.189192127243381	27.919628331577329	28.22260109490664	28.06676480597762	27.122380937240312	27.269992984107731	26.692454812109091	27.53712216481857	-0.94405886535731298	0	2.6026756834017841	0
A0A087WVQ6;Q00610-2;Q00610;J3KS13;J3KSQ2;J3QL20;K7EJJ5;J3KRF5;F5H5N6;A0A087WV74;A0A087WXH4	CLTC	Clathrin heavy chain;Clathrin heavy chain 1	11	69	69	54	51.6	51.6	42	192.06	1679	26.75887951327384	26.549836595448038	26.61750871777015	26.804520420454281	25.725490455514709	25.895135170786411	25.616162920059789	25.62678293848456	-0.96679344052521188	0	4.4748493938958074	0
A0A7I2V4L7;B1ANR0;Q13310-2;Q13310;Q13310-3;A0A7I2V5W9;H0Y5F5;A0A7I2V598;H0YEU6;H0YCC8;A0A7I2V4V6;B1ANR1;H0YEQ8;P0CB38	PABPC4	Polyadenylate-binding protein;Polyadenylate-binding protein 4	14	14	8	8	27.6	15.1	15.1	66.498999999999995	601	24.622711858337269	24.058706559793858	24.777359673037878	24.30959458849156	23.07941251497045	23.0423660927414	23.627228386590261	24.094262001535409	-0.98127592095576688	0	1.786604483716087	0
Q16181;E7ES33;E7EPK1;Q16181-2;G3V1Q4;A0A0U1RRE1;A0A5F9ZGZ7;A0A0U1RRH9;A0A0U1RRD1;Q5JXL7;Q6ZU15	SEPT7	Septin-7	11	10	10	10	27.9	27.9	27.9	50.678999999999988	437	25.332994248233319	24.860033647526318	24.684103095141349	25.007999396392488	24.30841458334049	24.04710127394786	23.632895826737119	23.910496345705571	-0.9965555893906064	0	2.6382896694069662	0
P51114;P51114-2;B4DXZ6;P51114-3;E9PFF5;E7EU85;P51116;C9JZE0;C9JY20;C9IZ22;C9JAJ4;H7C4S4;R9WNI0;A8MQB8;C9JYQ6;G3V0J0;Q06787;Q06787-3;Q06787-9;Q06787-8;Q06787-5;Q06787-4;Q06787-2;Q06787-6;Q06787-7	FXR1	Fragile X mental retardation syndrome-related protein 1	25	12	12	12	25.3	25.3	25.3	69.72	621	25.382977522910419	25.30712936249363	25.47413617708839	25.394013582867181	24.351714074193058	24.029432152513319	24.614815865768751	24.564360248530289	-0.99948357608855076	0	3.4646489741537292	0
A0A087WUK2;O14979-3;O14979-2;O14979	HNRNPDL	Heterogeneous nuclear ribonucleoprotein D-like	4	5	5	5	19.3	19.3	19.3	40.04	363	25.78947494036451	25.956242849735801	26.870795147052391	26.780191509753511	22.820880606272041	25.180824269260761	26.60583146952494	26.718426265341389	-1.017685459126767	0.1475884467400444	0.48727335660789373	4.0310450096432728E-3
Q96I24;Q96I24-2;A0A494C1K6	FUBP3	Far upstream element-binding protein 3	3	12	11	11	26.9	25.3	25.3	61.64	572	24.021829221597361	24.286866802672129	24.23286355033332	23.622432596409439	22.684107205678739	22.57090622327787	23.365863187284091	23.45073301913024	-1.023095633910323	0.1016200764902922	1.9815047091741269	0.19741745785867479
P23526-2;P23526	AHCY	Adenosylhomocysteinase	2	4	4	4	11.1	11.1	11.1	44.658000000000001	404	24.64339382632663	24.359509901833651	24.281853639771281	24.19324981416376	22.8844106295894	22.616693216956211	23.494482568236279	24.384229891042828	-1.0245477190676591	0.12675130912257401	1.3379773058705959	2.5614430987244929E-2
P41252;A0A0A0MSX9;J3KR24;A0A0D9SFC1;Q5TCC9	IARS	Isoleucine--tRNA ligase, cytoplasmic	5	37	37	37	33.5	33.5	33.5	144.5	1262	26.238122468820709	25.766684184582392	26.076960717630168	26.026627956696721	25.282242606438661	24.71983665219101	25.016695749537501	24.989841766094759	-1.024944638367018	0	3.301940059254389	0
A0A0A0MR02;P45880-2;P45880;P45880-1;Q5JSD2;Q5JSD1;A2A3S1	VDAC2	Voltage-dependent anion-selective channel protein 2	7	8	8	8	40.1	40.1	40.1	30.347999999999999	282	25.64622622669911	25.16061807256207	25.916909602167131	25.43176512418318	24.75475745193906	24.11410197097139	24.665573603044219	24.499722312731411	-1.0303409217313551	0	2.5285553134179608	0
Q13409;Q13409-2;Q13409-7;Q13409-3;Q13409-5;Q13409-6;E7EQL5;E7EMU4;E7EV09;E7EQU2;E7ESD3;E9PGG1;E7ETL8;E7ET01;E7ERR6;E7EUM4;E7ERH4;E7EU01	DYNC1I2	Cytoplasmic dynein 1 intermediate chain 2	18	7	7	7	17.899999999999999	17.899999999999999	17.899999999999999	71.456000000000003	638	24.085049667837879	23.78875337511537	24.139929752422589	23.44240393085412	22.689374955240488	23.489101196974829	22.810921459427782	22.316935824826889	-1.037450822439997	0.26099871584272027	1.7906033537002271	0.28423061388952392
A0A0U1RQV4;Q13464;C9JFJ0;D6REE7	ROCK1	Rho-associated protein kinase 1	4	4	4	3	3.9	3.9	3	133.07	1137	23.357162146977231	23.868442031148408	24.061922904716202	23.542150527816709	22.330618027900599	22.82603306623378	22.359407055732909	23.133018862486161	-1.0451501495762749	0.29377341728059181	1.881735741624414	0.87657735433919259
Q96ST3	SIN3A	Paired amphipathic helix protein Sin3a	1	12	12	12	10.5	10.5	10.5	145.16999999999999	1273	24.22538044715051	24.23000694510003	24.38390042586958	24.32003366660733	22.432586255162889	23.159709996003851	23.61447890558016	23.70862000209322	-1.0609815814718311	2.8316334710436819E-2	1.9553479365516551	0.1175959553308267
Q00839;Q00839-2;A0A1W2PPS1;A0A1X7SBS1;A0A1W2PP35;Q5RI18;A0A1W2PPL4;A0A1W2PPH7;A0A1W2PP34;A0A1W2PQL0;A0A1W2PQ74;A0A1W2PRZ7;A0A1W2PQD4;A0A1W2PRI6;A0A1W2PPE9;A0A1W2PNG3;A0A1W2PP22	HNRNPU	Heterogeneous nuclear ribonucleoprotein U	17	31	31	31	39.9	39.9	39.9	90.582999999999998	825	30.110482353993739	29.999406236715451	30.141387436379951	30.159064182862949	29.091818185624259	28.637270066169961	29.005602963536731	29.32945707745494	-1.086547979291552	0	3.4854383460528	0
P34932;A0A087WYC1;A0A087WTS8;P34932-2	HSPA4	Heat shock 70 kDa protein 4	4	16	16	15	26.4	26.4	24.5	94.33	840	25.587492782407988	25.289613117429191	25.600283397703969	25.546984866587039	24.38620510361984	24.4187976391284	24.226115803219692	24.563022130239361	-1.1075583719802291	0	4.4770787045817952	0
P05783;F8VZY9;CON__H-INV:HIT000015463;CON__Q92764;C4AM86;CON__Q497I4;Q92764	KRT18	Keratin, type I cytoskeletal 18	7	24	23	16	65.8	64.2	50.2	48.057000000000002	430	27.653419677948399	27.55244818067959	27.519158588733418	27.653419677948399	26.511095709541468	26.640445529047309	26.540377811999701	26.253334351889201	-1.108298180708037	0	4.7736030222478636	0
A0A7P0TAE1;H0YIV0;A0A7P0TAT8;P14625;A0A7P0T917;A0A087WT78;A0A7P0T823;A0A7P0TAY2;A0A7P0TBC2;A0A7P0T8R3;A0A7P0T885;A0A7P0Z405;Q58FF3	HSP90B1	Endoplasmin	13	9	8	8	13.8	12.3	12.3	90.75	789	23.74077719359526	24.19932906874698	23.893747385665549	23.460889794669871	22.91280385481058	23.613804749006729	22.055003015515631	22.260204007102779	-1.113231954060486	1.210613794048112E-2	1.5602491027894869	2.675151599840709E-2
Q01518;Q01518-2;Q5T0R7;Q5T0R6;Q5T0R5;Q5T0R4;Q5T0R3;Q5T0R2;Q5T0R1;Q5T0R9;Q5T0R8;Q5T0S3	CAP1	Adenylyl cyclase-associated protein 1;Adenylyl cyclase-associated protein	12	12	12	12	37.299999999999997	37.299999999999997	37.299999999999997	51.901000000000003	475	24.413836044289781	24.19955373510901	23.422138699770379	24.54309508635172	22.676705109518089	24.141255866533381	22.38641101115941	22.821217327333201	-1.138258562744201	0.2032674545340423	1.283651738746197	5.1974739170022842E-2
Q5JR04;Q9HCE1;Q9HCE1-2	MOV10	Putative helicase MOV-10	3	10	10	10	11.9	11.9	11.9	107.21	947	24.61946909180492	24.289613117429191	24.395191026176072	23.88920462851409	23.392704184482788	23.02467233817714	23.612117978043059	22.5409686366866	-1.1557536816336691	7.0295822178337311E-2	2.2116010412901961	0.23179718747912581
Q13347;A0A7I2YQF8;A0A7I2YQI2;A0A7I2V613;A0A7I2V607;A0A7I2V3N2;A0A7I2V2M3;A0A7I2V3U3;A0A7P0MRT9;A0A7I2V640;A0A7I2V685;A0A7I2V5V8;A0A7I2YQC8;A0A7I2YQT9;A0A7I2YQU2;Q5TFK1;A0A7I2V4C2;A0A7I2YQI6;A0A7I2V4S8;A0A7I2V3K6;A0A7I2YQP9;A0A7I2V391;A0A7I2YQN1;A0A7I2YQX4;A0A7I2V5E4;A0A7I2V3T4;A0A7I2V415	EIF3I	Eukaryotic translation initiation factor 3 subunit I	27	10	10	10	42.8	42.8	42.8	36.500999999999998	325	25.689765128930929	25.671821563286059	25.871594332946849	25.863204355129831	24.593090165176939	23.563022130239361	25.18491498229622	25.110880558534191	-1.161119386011741	0	1.6605740593710681	2.719479911021036E-16
O75534-2;O75534;O75534-3;O75534-4;E9PLT0;E9PLD4;E9PKN4;E9PNG3	CSDE1	Cold shock domain-containing protein E1	8	10	10	10	15.8	15.8	15.8	85.746000000000009	767	24.498018437843591	25.067677907381938	24.515809542127869	24.322305031612139	23.715234750232	22.644406173280171	23.869289595085959	23.489836203379909	-1.171261049246874	0.1145592129902681	2.020692579705655	0.38830920420352971
D6RGI3;D6RER5;Q9NVA2;Q9NVA2-2;D6RDU5;D6RDP1;D6R9Y6;H0Y9G8;H0Y961;B1AMS2;Q14141-3;Q14141-2;Q14141-4;Q14141	SEPT11	Septin-11	14	9	9	9	28.7	28.7	28.7	49.005000000000003	425	23.512196479781441	23.873989237787981	24.775552413372498	25.16207902969035	22.406636855506179	22.631698383004011	24.0386705386342	23.53504655757818	-1.1779412064774279	9.1875306835032089E-2	1.1256231182040131	2.5680841759448542E-2
P53621;A0A3B3ISC6;A0A3B3IT15;A0A3B3IS84;P53621-2;A0A3B3IU89;A0A3B3ITV3;A0A3B3ISK1;A0A3B3ITI7;A0A3B3IU78	COPA	Coatomer subunit alpha;Xenin;Proxenin	10	20	20	20	19.3	19.3	19.3	138.34	1224	25.152556255571842	24.791985164506649	24.808920195773439	24.792729935077571	24.17858461909152	23.668498095663509	23.495946737889241	23.491182743331699	-1.1779948387383821	0	3.155466737012226	0
P26639;P26639-2;D6RBR8;D6RCA5;D6R9F8;D6RDJ6;B7ZLP8;A2RTX5-2;A2RTX5	TARS	Threonine--tRNA ligase, cytoplasmic	9	13	13	13	21.4	21.4	21.4	83.433999999999997	723	24.903342016517549	23.56092518940379	23.917888479935609	23.545571614189079	22.570476495008119	23.204651734817389	22.827854744516589	22.610924802864961	-1.1784548807097439	0.1357804856081572	1.731484193158104	0.17654622077314691
A8K968;Q9Y2J2-2;Q9Y2J2;A0A0A0MSA4;A0A0A0MRA8;Q9Y2J2-4;Q9Y2J2-3;A0A0J9YY18;A0A1B0GTF8;A0A0J9YW31;J3KT37;A0A0J9YWN0;A0A0J9YWS4;A0A0J9YWE1;P11171-5;P11171-7;A0A2R8Y4N6;A0A2R8Y7N0;A0A1B0GWG0;A0A2R8Y6D0;A0A2U3TZH6;A0A2R8Y7Y3;A0A3B3IUD6;A0A0J9YW26;A0A3B3ITP0;A0A2R8YFR9;A0A2R8Y6G5;A0A2R8YCW8;A0A2R8Y420;A0A2R8Y570;A0A2R8Y5G2;A0A2R8Y5Z6;A0A2R8YD30;A0A3B3IU06;P11171;P11171-3;P11171-6;P11171-4;P11171-2;J3QS83	EPB41L3	Band 4.1-like protein 3;Band 4.1-like protein 3, N-terminally processed	40	12	10	10	22.6	20.399999999999999	20.399999999999999	84.710999999999999	756	23.978321532948328	23.51436540282721	24.050509642047679	23.490938011347929	22.63589067135031	22.520427732326819	22.31625489416939	22.71349475730991	-1.212016633503683	7.5080263524434088E-2	3.0227144326878839	0.58252321093061499
P06312	IGKV4-1	Ig kappa chain V-IV region	1	2	2	2	12.4	12.4	12.4	13.38	121	27.10009026831635	27.371357906413859	27.789238605286648	26.52181127738676	25.87534927547296	25.75768481890762	25.879538567024831	26.41628675616894	-1.2134096599573141	0	2.1449582518584158	0
P04843;B7Z4L4;F8WF32	RPN1	Dolichyl-diphosphooligosaccharide--protein glycosyltransferase subunit 1	3	22	22	22	47.4	47.4	47.4	68.569000000000003	607	26.414449112654509	26.110920372943848	26.312072925437761	26.345128804324261	25.145304665246972	25.146897708774169	25.019710166193189	25.00358859466019	-1.2167675201214649	0	5.4261635111346971	0
P48681	NES	Nestin	1	29	29	29	22.1	22.1	22.1	177.44	1621	25.759666962057238	25.64460446418612	25.717537536101428	25.946258607275301	24.344146883867062	24.304590293694879	24.56662639904939	24.74939644991813	-1.2758268857726589	0	4.349550026129263	0
Q09666;E9PQE3;E9PJZ0;E9PKR9;E9PJC6;E9PLK4;Q09666-2	AHNAK	Neuroblast differentiation-associated protein AHNAK	7	72	72	72	25.9	25.9	25.9	629.09	5890	25.59046552645102	25.874880441775581	25.716543602172418	25.906923615899601	23.242010489422132	26.700414529077559	23.751543241872	24.205830230581221	-1.297253673836426	0	0.84328933713364995	0
Q14315;Q14315-2	FLNC	Filamin-C	2	87	81	78	43.6	41	39.299999999999997	291.02	2725	27.4239826046609	27.40267472134239	27.366363572874722	27.270705954243759	26.099849565066648	25.709671989190198	26.18982365420387	26.208660651828481	-1.313930248208131	0	4.4341630001058183	0
Q7Z2W4;A0A7P0T8C6;C9J6P4;Q7Z2W4-2;Q7Z2W4-4;Q7Z2W4-3;H7C5K1;Q7Z2W4-5;G5E9U9;Q9H0J9	ZC3HAV1	Zinc finger CCCH-type antiviral protein 1	10	14	14	14	21.1	21.1	21.1	101.43	902	24.227291593864141	23.907748877648231	24.469113141288751	24.269636366866791	22.707209135662861	22.72843849031764	23.478524747465581	22.594366523475131	-1.341312770686669	8.707142428965424E-2	2.816011589690405	6.6031637849813529E-2
P08670;B0YJC4;B0YJC5;A0A1B0GTT5;A0A1B0GVG8;P17661;H7C5W5;P41219;P41219-2;E7EMV2;F8W835;A0A1W2PRT3;E7ESP9;A0A1W2PR46;A0A1X7SBR3;P07197-2;Q16352;P14136-2;P14136;P14136-3;P07197	VIM	Vimentin	21	44	44	41	81.3	81.3	77.5	53.651000000000003	466	31.620168580323291	31.440997206105809	31.60280001160287	31.45655095891648	30.318293310123341	30.13430461257434	29.97923782071549	30.248641951585132	-1.36000976548754	0	5.3380440002766214	0
P07814;V9GYZ6;V9GZ76	EPRS	Bifunctional glutamate/proline--tRNA ligase;Glutamate--tRNA ligase;Proline--tRNA ligase	3	91	91	90	69.099999999999994	69.099999999999994	69.099999999999994	170.59	1512	24.672765867895599	24.53082684467255	24.704720966338229	24.359040656410471	23.11179601208292	23.032613473991312	23.233565848042641	23.43784044216444	-1.3628846397588821	0	4.588478991395001	0
A0A2R8YD50;P51659;P51659-3;E7ER27;A0A2R8Y7L2;E7ET17;E7EPL9;A0A2R8YDT8;A0A2R8YF45	HSD17B4	Peroxisomal multifunctional enzyme type 2;(3R)-hydroxyacyl-CoA dehydrogenase;Enoyl-CoA hydratase 2	9	11	11	1	20.5	20.5	2	76.837000000000003	711	24.512377347962069	23.89559746932623	24.203143646860919	23.652175379976558	22.86817590860635	22.487641985203911	22.935040529782469	22.49359702783326	-1.3697095981749521	0.34861165371792407	2.7422339495361361	0.61720897081695481
H3BQZ7;Q1KMD3	HNRNPUL2-BSCL2	Heterogeneous nuclear ribonucleoprotein U-like protein 2	2	15	15	15	19.2	19.2	19.2	84.69	746	25.377957150485869	25.575367050143079	24.763648421995839	24.919616966807371	24.105974987853919	22.34790157299739	24.39126247230741	24.27405220229177	-1.3793495884954139	0.1296083066187089	1.4559320362417461	0.22298611498295501
P11021;A0A7P0TB36;A0A7P0TAI0	HSPA5	78 kDa glucose-regulated protein	3	20	18	18	37.200000000000003	36.1	36.1	72.331999999999994	654	25.03712094224419	24.339329187886491	24.864338437955951	24.653815987076019	22.303991396306309	25.248112591110839	22.2052572944758	23.614703554450259	-1.3806349297048639	2.7939352381070561E-2	0.97254319968114411	1.3626459507504711E-4
Q92900-2;Q92900	UPF1	Regulator of nonsense transcripts 1	2	22	22	22	22	22	22	123.03	1118	24.70223906872857	24.586462326797498	24.730759513560709	24.008298670802318	22.878729741236221	23.03219306665169	23.344350094662651	23.061708704660621	-1.4276944931694791	0	3.4796444283700918	0
E9PAV3;F8VZJ2;A0A7I2V2K5;H0YHX9;A0A7I2V473;Q13765;E9PAV3-2;F8W0W4;F8VNW4;F8VZ58;Q9BZK3	NACA	Nascent polypeptide-associated complex subunit alpha, muscle-specific form;Nascent polypeptide-associated complex subunit alpha	11	6	6	6	3.8	3.8	3.8	205.42	2078	25.453216116688299	25.765622394152679	26.43463102707415	26.25997422828274	24.26069216561574	22.451416351255059	25.338717343504019	26.144137908174979	-1.429619999412016	0.1052045775583266	0.86855019317389404	3.3634608842194803E-2
P49327;A0A0U1RQF0;A0A0U1RRG3;A0A1B0GTR5;J3KTF0	FASN	Fatty acid synthase;[Acyl-carrier-protein] S-acetyltransferase;[Acyl-carrier-protein] S-malonyltransferase;3-oxoacyl-[acyl-carrier-protein] synthase;3-oxoacyl-[acyl-carrier-protein] reductase;3-hydroxyacyl-[acyl-carrier-protein] dehydratase;Enoyl-[acyl-carrier-protein] reductase;Oleoyl-[acyl-carrier-protein] hydrolase	5	76	76	76	43	43	43	273.42	2511	27.842900630895389	27.445927576213279	27.8761927923792	27.917581229366689	26.569439603791789	26.22953029383369	26.181658503918381	26.370110942977259	-1.43296572108336	0	4.3001848100459057	0
Q15029-2;Q15029;Q15029-3;K7EP67;K7EJ74;K7EIT3;K7EIV5	EFTUD2	116 kDa U5 small nuclear ribonucleoprotein component	7	46	46	45	66.599999999999994	66.599999999999994	65.5	105.38	937	26.521272142480331	26.26027939530448	26.375838071737661	26.420677937708419	24.9826796048972	24.721037006265369	25.024537078648319	25.114499177835189	-1.4338286698962039	0	5.1343533227994493	0
Q15019-2;Q15019-3;Q15019;B5MCX3;C9J2Q4;C9J938;C9JB25;C9IY94;H7C310;C9JQJ4;C9IZU3;B5MD47;C9JZI2;C9JFT1;H7C2Y0;F8WB65;A0A1B0GXJ2	SEPT2	Septin-2	17	6	6	6	19.399999999999999	19.399999999999999	19.399999999999999	45.46	396	24.498566331403271	24.247714311617528	24.988715540400651	24.574616623576929	22.682838776897949	22.687251862081141	23.433262472569691	23.732416712440191	-1.4434607457523529	0.1569593174058439	2.418679480149418	0.3699656844334111
Q9GZL7	WDR12	Ribosome biogenesis protein WDR12	1	7	7	7	24.8	24.8	24.8	47.707000000000001	423	24.910633581857009	24.736861024924892	25.065378660430198	25.032167838315111	22.84219581650035	22.64032365942246	24.478277858607129	23.959076526150639	-1.456291811211663	0.1293340499629046	1.7509977214872949	0.1600597390785975
P48444;B0YIW6;P48444-2;Q6P1Q5;E9PK34	ARCN1	Coatomer subunit delta	5	11	11	11	20.2	20.2	20.2	57.21	511	25.428606041513572	25.520373136339721	25.415287626360399	25.396236836327621	24.261194509256811	23.619972757721641	24.000841093900711	24.043768258624841	-1.458681755259327	0	4.4092832958024122	0
O43491;O43491-4;E9PHY5;O43491-3;E9PK52;O43491-2;E9PII3;A0A2R8Y5B3;Q6R5J7;Q6ZSX4;H0Y5B0;E9PMV8;E9PMG5;E9PN54;E9PQD2;E9PPC9;E9PIG0;J3QS55;E9PRG1;E9PQN0;E9PJP4	EPB41L2	Band 4.1-like protein 2	21	13	13	11	15.9	15.9	14.2	112.59	1005	24.650368554701991	24.414868430426878	24.620699964868791	24.556371334577118	22.820720539073179	22.32958201670057	23.63012045163455	23.567671115301181	-1.473553540466322	0.1239132699848093	2.5033385056644888	0.41820581598293077
P35268;K7ERI7;K7EJT5;K7EP65;K7EKS7;K7ELC4;K7EMH1	RPL22	60S ribosomal protein L22	7	4	4	4	50.8	50.8	50.8	14.787000000000001	128	30.18565234864359	29.963063018051528	30.640135194186271	30.520657882233799	28.963504057465219	28.723122202712769	28.828748477898149	28.87800702486653	-1.479031670043131	0	4.0001435584643232	0
A0A0C4DGS1;P39656-2;P39656-3;P39656;U3KQ84	DDOST	Dolichyl-diphosphooligosaccharide--protein glycosyltransferase 48 kDa subunit	5	12	12	12	43.3	43.3	43.3	48.798999999999999	439	25.342045361221771	24.56529038196518	25.557861676865951	25.506396692911618	24.25983059793359	24.02901081696497	23.17287488745912	23.555318400550899	-1.488639852513991	0	2.3609773588172831	0
Q9UMS4;F5GY56;H0YGF3;F5H2I0;H0YGZ5	PRPF19	Pre-mRNA-processing factor 19	5	12	12	12	34.700000000000003	34.700000000000003	34.700000000000003	55.18	504	26.463947873681509	26.38202103633089	26.798723732431689	26.79476368179737	25.337663002868261	24.906602553243129	25.039591131840581	25.18782444252691	-1.4919437984406441	0	4.3341450884454309	0
E9PKG1;Q99873-2;Q99873-3;Q99873;E9PQ98;E9PIX6;E9PNR9;H0YDE4;Q99873-5;Q9NR22-2;Q9NR22	PRMT1	Protein arginine N-methyltransferase 1	11	8	8	8	26.8	26.8	26.8	37.709000000000003	325	25.755368871354559	25.907542606463672	25.27355431655279	25.66912013933246	23.17169921561057	24.034982280173189	24.74652908233988	24.65747328742242	-1.498725517039355	7.7395138120382359E-2	2.0941241625753539	0.21878974022782191
H0Y938;H0YAC7;P35606-2;P35606;A0A7I2V258;A0A7I2V3G0;A0A7I2YQF9;D6R997;D6RBZ7;D6RCL6;D6RBG7;D6RBT6	COPB2	Coatomer subunit beta	12	27	27	27	39.5	39.5	39.5	101.53	898	24.734072009907852	23.96569622685751	24.72785482708694	24.85861166590097	23.046202578081282	22.709503722794611	22.841572025540529	23.669687858106752	-1.5048171363075269	4.3981203232595932E-2	2.639212636353963	5.0465055572066687E-2
P02786;G3V0E5;H7C3V5;F8WBE5	TFRC	Transferrin receptor protein 1;Transferrin receptor protein 1, serum form	4	18	18	18	28.2	28.2	28.2	84.87	760	25.320171426936	24.478895001552289	25.04297553463546	25.24894500219547	23.61301783463913	23.059977460510979	23.692534627054251	23.67325126969715	-1.513051443354424	0	3.0999913671029602	0
E7ENZ3;B7ZAR1;E9PCA1;P48643-2;P48643	CCT5	T-complex protein 1 subunit epsilon	5	6	6	6	14	14	14	53.847999999999999	486	24.81528712586535	24.308136794749881	24.14918705467522	24.324366810317979	22.997623306951681	23.530529216086329	22.491354031022169	22.49728758927635	-1.5200459105679831	0	2.740939485870614	5.4389598220420729E-16
B7Z3Q4;O00116;A0A7P0T984;A0A1B0GWA2;A0A7P0TAL3;A0A2R8YEL0;A0A7P0TAU9;B8ZZ81;A0A7P0T9C9;A0A7P0T8Q7;A0A7P0TA54	AGPS	Alkyldihydroxyacetonephosphate synthase, peroxisomal	11	6	6	6	15.8	15.8	15.8	63.845999999999997	568	24.001356649013118	23.807152066544418	24.28022591469902	24.650532905083711	22.772097775305891	22.564686875990091	22.693913639830871	22.565992268828438	-1.5356442438462421	0.1815414538872428	3.055602780893242	0.28986512558207722
P28074;P28074-3;H0YJM8;P28074-2	PSMB5	Proteasome subunit beta type-5	4	8	8	8	30.8	30.8	30.8	28.48	263	25.520193267866858	25.832314644634788	25.750598024762699	25.078590283263441	22.763109760213052	24.998992173693601	23.657527803833361	24.492283523798658	-1.5674457397472801	0.1420718573554389	1.6423039914422299	0.1973190146053023
P14868;P14868-2;C9J7S3;C9JLC1;H7BZ35;C9JQM9	DARS	Aspartate--tRNA ligase, cytoplasmic	6	21	21	16	50.5	50.5	38.5	57.136000000000003	501	24.880636535177089	25.305147184429281	25.103896060981789	24.937552344151801	22.879365711675899	24.004103169047131	23.359442876116859	23.711983664185858	-1.5680841759285511	7.3588816180147898E-2	3.036625617905031	0.39896539780545498
Q9Y678;H0Y8X7;Q9UBF2-2;Q9UBF2	COPG1	Coatomer subunit gamma-1	4	18	18	18	28.7	28.7	28.7	97.717000000000013	874	26.095288680344471	25.68233584102369	25.860081022784211	26.388374718554651	24.677935086426452	24.4213683722407	24.443795455838131	24.139149115511131	-1.58595805817265	0	3.8139358844367308	0
P53618;E9PP73;E9PP63;E9PKQ1	COPB1	Coatomer subunit beta	4	27	27	27	39.5	39.5	39.5	107.14	953	25.793523933469039	25.5829073354301	25.950469752632848	25.85626232771067	24.562847501534819	23.937776814759658	24.051173751635741	24.279942644515341	-1.5878556591992741	0	4.2410255743097496	0
P26038;V9GZ54;E9PQ82;E9PNV3;P35241-3;E9PNP4;A0A2R8Y5P0	MSN	Moesin	7	33	33	23	57.2	57.2	40.6	67.819000000000003	577	27.567758140849829	27.528727252507899	27.52991888546266	27.47877159408111	25.807446905274471	26.331884476195832	25.739026537347389	25.857971316623171	-1.5922116593651621	0	4.6293906368743736	0
J3QRU1;P07947;Q573B4;P06241-3;P06239;P06241-2;P12931;P06241;P06239-3;P12931-2	YES1	Non-specific protein-tyrosine kinase;Tyrosine-protein kinase Yes;Tyrosine-protein kinase Fyn;Tyrosine-protein kinase Lck;Proto-oncogene tyrosine-protein kinase Src	10	2	2	2	3.5	3.5	3.5	61.386000000000003	548	24.979412285756769	24.42021210917796	23.972110363187021	24.348070562191591	22.579317830642729	22.595709445403251	22.657655788936509	23.51020789146855	-1.594228590965578	7.8938280482070855E-2	2.5602467714866011	0.87696397590613895
F8VPD4;P27708;H7C2E4;H7C3Z5;H7BZB3	CAD	CAD protein;Glutamine-dependent carbamoyl-phosphate synthase;Aspartate carbamoyltransferase;Dihydroorotase	5	35	35	35	21.3	21.3	21.3	236.02	2162	25.557569574204319	25.052418133738328	25.421721490083431	25.484253035012689	24.165916599226851	22.881028797751231	23.968159815987281	23.867688222736831	-1.6582921993341451	0	2.7731258519259838	5.4389598220420729E-16
P04844-2;P04844;Q5JYR4;Q5JYR7;F2Z3K5;H0Y5M1;Q5JYR3	RPN2	Dolichyl-diphosphooligosaccharide--protein glycosyltransferase subunit 2	7	10	10	10	23.3	23.3	23.3	67.722999999999999	615	24.923657178338171	24.970970204731891	24.870842170244341	24.91301026993218	23.675944976444999	24.066857168344619	22.155794109262569	23.120554935859921	-1.664832158333621	0	2.152853184598817	0
O95782-2;O95782;O94973-3;O94973;O94973-2;A0A0G2JQM1;A0A0G2JS82;M0R2D9;E9PR62	AP2A1	AP-2 complex subunit alpha-1	9	16	16	16	21.5	21.5	21.5	105.36	955	24.14063196467345	24.085130734061082	23.933460865017761	24.299708308331319	22.722590546167659	22.625423471677738	22.467284692344819	21.977050537154501	-1.666645656184724	9.6807356686578153E-2	4.0080355133592356	1.7152612782488861
Q7KZF4;H7C597	SND1	Staphylococcal nuclease domain-containing protein 1	2	17	17	17	25.2	25.2	25.2	102	910	24.11521387471883	24.316101957194391	24.620588110702119	24.1353961672663	22.703884557435199	22.63287370945552	22.71580031995915	22.44068164236846	-1.673514970165819	0.1158728586901266	3.9847056484387431	0.89025633667610959
P17987;E7EQR6;E7ERF2;F5H282;F5GZ03;F5H726;F5GZI8;F5H676;F5H136	TCP1	T-complex protein 1 subunit alpha	9	11	11	11	22.7	22.7	22.7	60.343000000000004	556	24.69024484575754	24.641851543759739	24.495153830454669	24.431669495969789	22.92553035848189	22.324008391117729	22.94298946724658	23.283338221348249	-1.6957633194368209	9.2308923594107861E-2	3.78380446351429	0.54957123579240641
Q9Y5A9;Q9Y5A9-2;S4R3V3;S4R3J8	YTHDF2	YTH domain-containing family protein 2	4	5	4	4	9.3000000000000007	7.8	7.8	62.332999999999998	579	24.014952157034259	24.13696108231386	24.281358439566041	23.886788364675439	22.694396539646181	22.612384808720879	22.1434080811268	22.016502675451051	-1.713341984661171	0.52232267763791573	2.8698089063698511	0.9310883356504478
Q9UHD8;Q9UHD8-5;Q9UHD8-2;Q9UHD8-7;Q9UHD8-3;Q9UHD8-8;Q9UHD8-9;Q9UHD8-4;A0A6Q8PHC2;K7EL40;K7EK18;K7EQD7;K7ER52;K7EIE4;K7ENQ5;K7EJZ2;K7EKN4;K7ER14;K7ENL0;K7EN52;K7EJ51;K7EPY1;K7EJV0;K7ER34;K7EQ08	SEPT9	Septin-9	25	16	16	16	33.1	33.1	33.1	65.40100000000001	586	25.711248532938939	25.489591242849411	25.608202698724789	25.351848842529531	23.59388802143161	23.90554712973384	23.754196756419091	24.02605801768668	-1.7203003479428569	0	5.1104439835212547	0
E9PIM6;E9PNQ8;P04216;J3QRJ3	THY1	Thy-1 membrane glycoprotein	4	4	4	4	26.3	26.3	26.3	16.927	152	27.306694907393261	27.193945347087698	27.826507562415891	27.317085889526059	25.3558524529453	25.654881382097031	26.464820421253151	25.262736329108989	-1.7264857802546061	0	2.8652239887457291	0
A0A7P0TAW3;P55072;A0A7P0TAQ1;A0A7P0T8Q5;A0A7P0T8A3;C9JUP7;A0A7P0Z4C6;A0A7I2V540;A0A7I2V2Y2;A0A7P0TAY0;A0A7I2V5G8;A0A7P0T971;A0A7P0TA22;A0A7P0T946;A0A7P0Z4D1;A0A7P0TBK7	VCP	Transitional endoplasmic reticulum ATPase	16	20	20	20	40.200000000000003	40.200000000000003	40.200000000000003	86.117999999999995	772	25.787483539470809	25.786038053025049	25.82968015835716	25.550247720075731	22.679097464334369	25.77718406655713	23.699858776090132	23.819873464532659	-1.7443589248536131	9.523210987759187E-2	1.437403348448592	6.8674410201964894E-2
P53396-2;P53396;P53396-3;K7ESG8;K7EIE7	ACLY	ATP-citrate synthase	5	13	13	13	17.2	17.2	17.2	119.77	1091	25.111199043050149	24.906602553243129	25.167563620864581	24.965255857194769	22.878625580565579	23.198609901188259	23.545571614189079	23.541087159735479	-1.746681704668555	0.14939912348750989	4.2584844275672813	1.1359077731321801
F8W930;Q9Y6M1-1;Q9Y6M1;Q9Y6M1-5;Q9Y6M1-6;Q9Y6M1-3;Q9Y6M1-4;O00425-2;Q9NZI8-2;Q9NZI8	IGF2BP2	Insulin-like growth factor 2 mRNA-binding protein 2	10	13	13	11	26.8	26.8	23.5	66.784999999999997	605	24.80798728649982	24.846850435191829	24.534571713489012	24.71481566670229	22.612974257359081	22.68246621048624	23.001854843889269	23.351781459934958	-1.8137870825533551	4.6382774734473921E-2	3.9931906115218738	8.6884418500614291E-2
A0A0C4DH67;A0A0C4DH69;A0A075B6S5	IGKV1-8	3	1	1	1	13.9	13.9	13.9	12.537000000000001	115	31.88183283608145	30.45179435907168	31.95622345973451	31.14958683245942	29.554608699070869	28.925044807276588	29.636682530001849	30.065738159401018	-1.8143408228991871	0	2.281402278948939	0
O14744;O14744-5;O14744-2;G3V580;O14744-3;G3V2X6;H0YJX6;G3V5L5;G3V2L6;O14744-4;G3V507;G3V2F5;G3V5T6;H0YJ77;C9JSX3	PRMT5	Protein arginine N-methyltransferase 5;Protein arginine N-methyltransferase 5, N-terminally processed	15	6	6	6	13	13	13	72.683000000000007	637	25.694634833040482	24.92533349289274	25.579113339033139	25.245286050138649	23.655563914039359	23.334290746169771	23.922886326224369	23.226101099770929	-1.8263814072251461	0	3.6217987131766591	0
Q9Y3F4-2;Q9Y3F4;H0YH33	STRAP	Serine-threonine kinase receptor-associated protein	3	10	10	10	35.5	35.5	35.5	39.777000000000001	363	25.605435885469571	25.695829787541289	26.151879174623311	25.845630740847611	24.591493127726551	24.41118717779359	24.63311762626725	22.246441153268758	-1.854134125856409	0.1647142384158207	1.749123089517884	0.31241916389639668
Q8WX93;Q8WX93-3;Q8WX93-8;Q8WX93-5;Q8WX93-2;Q8WX93-9;Q8WX93-4;Q8WX93-7;A0A3B3ISX8;H0YA05;H0Y952;Q8WX93-6;F8WA26;D6RBB1;D6R9Z5;D6RBH5;A0A087WX60;Q86TC9-2;D6R9F5;Q86TC9	PALLD	Palladin	20	14	14	14	11.2	11.2	11.2	150.56	1383	24.677343718809979	24.584915262046351	24.57652079089063	24.480128496019429	22.351242285850059	22.463706067769369	23.133014240606279	22.913202062417909	-1.8644359027806969	8.1521098157301325E-2	4.1197548158056527	0.35636955578790958
P42704;B8ZZ38;A0A0C4DG06;C9JCA9	LRPPRC	Leucine-rich PPR motif-containing protein, mitochondrial	4	15	15	15	14.8	14.8	14.8	157.9	1394	24.642347457270521	23.96736840674744	24.152672294692049	24.426752047232512	22.34562452027172	22.386775805367311	21.97907205938192	22.952159664097419	-1.8813770392060389	7.5373856968743366E-2	3.3720586707073492	0.21874058668965041
A0A7P0S5H5;P60866;P60866-2;E5RIP1;E5RJX2;G3XAN0	RPS20	40S ribosomal protein S20	6	2	2	2	16.899999999999999	16.899999999999999	16.899999999999999	15.311999999999999	136	28.15822159260194	28.37463643007457	28.42854215032245	28.499448611376909	27.601162320512501	27.436030065858759	27.703058038824771	23.06170857045392	-1.9147224471814821	6.7278020082623888E-2	0.84837956420101024	2.3631868695659451E-2
Q9UEY8-2;Q9UEY8	ADD3	Gamma-adducin	2	10	10	10	18	18	18	75.67	674	25.217784386703268	24.461264601783711	24.759743143973608	24.462201193780128	23.205994248600529	21.66908228346972	22.56467423561104	23.376235636166079	-2.0212517305983368	0	2.4984616024306039	0
Q02809;Q02809-2;Q5JXB7;Q5JXB8	PLOD1	Procollagen-lysine,2-oxoglutarate 5-dioxygenase 1	4	13	13	13	22.8	22.8	22.8	83.548999999999992	727	24.43313509914967	24.131083877582519	24.751900730158091	24.479018398468138	22.784532378453861	22.08755184148184	22.643217648885571	22.18265137264116	-2.0242962159739988	0.13753362959135529	3.9981947277853909	1.1301927371624769
Q6P2E9;Q6P2E9-2;I3L2F4	EDC4	Enhancer of mRNA-decapping protein 4	3	11	11	11	11.9	11.9	11.9	151.66	1401	24.941811324851919	24.880075974993549	24.62850828430166	24.137352045986859	22.593396796895782	22.439101679799819	22.55798816071465	22.596646519031541	-2.1001536184230498	0.15600445646234179	3.8030686350641631	0.13478488609420819
Q96F86;H3BSQ0;H3BPN4;H3BPW9;H3BTF8;H3BNJ7;H3BMB8;H3BTH0;H3BQP5;H3BU87;H3BQ37	EDC3	Enhancer of mRNA-decapping protein 3	11	8	8	8	21.5	21.5	21.5	56.076999999999998	508	24.690138255802498	23.94610240261963	24.91031334386086	24.942840558783828	22.236694511699369	22.50186556373275	22.411022704275279	22.472049082205121	-2.216940674788574	0.22463178688223201	3.441170323760709	0.4723134310982966
P63010;P63010-2;P63010-3;A0A087X253;A0A087WU93;A0A087WZQ6;A0A087WYD1;K7EJ01	AP2B1	AP-2 complex subunit beta	8	21	21	10	27.1	27.1	15.3	104.55	937	25.64322866060596	25.231655676803101	24.937866593224541	25.291792362393078	22.504724929823549	22.84907670628148	23.425087817443139	23.448718257464382	-2.2192338955035318	0	3.7379433677899652	0
A0A494C0R8;K7EIG1;I3L2B0;O75153;I3L4B5;I3L318;Q9Y5I4-2;Q9Y5I4	CLUH	Clustered mitochondria protein homolog	8	13	13	13	11.5	11.5	11.5	150.46	1348	25.067226558692951	24.82822792687438	24.734278788615519	24.527310908798569	23.29881319231113	21.825513177340479	22.547267351013279	22.593021756962361	-2.223107176338539	0.12826386359037459	3.3691698726392159	0.82078538757253094
D6REX3;O94979-8;O94979;O94979-2;O94979-9;O94979-4;O94979-10;O94979-3;O94979-6;D6RHZ5;O94979-5;H7BXG7;O94979-7;H0YAB3;H0Y8V7;H0Y9K1;H0Y9T9;H0Y8W8;D6RCQ9;D6RE64	SEC31A	Protein transport protein Sec31A	20	10	10	10	9.8000000000000007	9.8000000000000007	9.8000000000000007	136.22	1251	25.43771347230377	24.51153310238654	24.907794711684449	25.515238076498001	23.013998669270119	23.18058907961014	22.39144604298188	22.669687858106752	-2.2791394282259638	0	3.6088850937188521	0
G3V5Z7;P60900-2;P60900;G3V3U4;G3V3I1;G3V295;H0YJC4;P60900-3	PSMA6	Proteasome subunit alpha type;Proteasome subunit alpha type-6	8	3	3	3	17.100000000000001	17.100000000000001	17.100000000000001	28.146999999999998	252	25.503275713186479	25.360447935053241	25.353868858318648	25.081478236859098	22.31595028484535	24.527609201995311	22.710629534434169	22.156238074257189	-2.3971609119713579	0.2198928904111804	2.2940698590867088	9.2592031571036279E-2
A0A1C7CYX9;Q16555-2;Q16555;E5RFU4	DPYSL2	Dihydropyrimidinase-related protein 2	4	10	10	9	23.5	23.5	21.1	73.501999999999995	677	25.17474255279712	25.003760139849561	25.616415352775881	25.19163187341238	22.472661281930211	22.806148422540542	22.99964110094664	22.32287633255584	-2.596305695215428	0.1543428314398263	4.0641125827451132	0.62833274643103099
Q2TAM5;E9PKH5;A0A087X0W8;Q04206-2;Q04206-3;Q04206-4;Q04206;E9PI38;E9PQS6;E9PKV4;A0A087WVP0;E9PMD5	RELA	Transcription factor p65	12	4	4	4	11.4	11.4	11.4	42.868000000000002	377	26.440108145373809	26.46951687043564	27.203124972526521	26.470742893198711	22.52490980778785	22.126493330491169	22.873371142464691	25.661474764926311	-3.3493109589661612	0.1298593783051197	2.1459644802996771	2.4648562471543921E-2
A0A075B6K5;P80748	IGLV3-9	Ig lambda chain V-III region LOI	2	2	2	2	23.5	23.5	23.5	12.332000000000001	115	26.879351595579589	26.536529438827952	26.846013501070971	26.6598972760358	22.564409191986819	22.31813953391179	22.813686549556099	21.892593328800579	-4.3332408018147541	0.1881150836421199	5.4496850358872537	1.13269785285807
A0A2Q2TTZ9;P01594;P01593	A0A2Q2TTZ9	Ig kappa chain V-I region AU;Ig kappa chain V-I region AG	3	2	2	2	31.5	31.5	31.5	11.842000000000001	108	29.614089197228999	29.832586278935821	29.867779525186471	30.029732279039131	22.678175850904729	22.443614979679211	22.308963490927962	22.362926226419781	-7.3876266831146831	0.27820107799789462	7.0358490793902417	0.6832282251328422
